mean_fit_time,std_fit_time,mean_score_time,std_score_time,param_max_depth,param_min_samples_leaf,param_min_samples_split,param_n_estimators,params,split0_test_neg_mean_squared_error,split1_test_neg_mean_squared_error,split2_test_neg_mean_squared_error,split3_test_neg_mean_squared_error,split4_test_neg_mean_squared_error,mean_test_neg_mean_squared_error,std_test_neg_mean_squared_error,rank_test_neg_mean_squared_error,split0_train_neg_mean_squared_error,split1_train_neg_mean_squared_error,split2_train_neg_mean_squared_error,split3_train_neg_mean_squared_error,split4_train_neg_mean_squared_error,mean_train_neg_mean_squared_error,std_train_neg_mean_squared_error,split0_test_r2,split1_test_r2,split2_test_r2,split3_test_r2,split4_test_r2,mean_test_r2,std_test_r2,rank_test_r2,split0_train_r2,split1_train_r2,split2_train_r2,split3_train_r2,split4_train_r2,mean_train_r2,std_train_r2
1.068796730041504,0.051838215848658165,0.02519841194152832,0.015501461331017583,10,1,2,100,"{'max_depth': 10, 'min_samples_leaf': 1, 'min_samples_split': 2, 'n_estimators': 100}",-1056185890.118024,-1479846036.929158,-1718866196.358096,-652404043.8361887,-691246479.922942,-1119709729.4328818,423007628.7653143,107,-190719867.8939593,-186023456.7367789,-171184165.44958958,-196821773.33078033,-204804967.16437283,-189910846.11509615,11278746.720945349,0.8447533201579729,0.7197296016774296,0.7641191116382248,0.8781473905651982,0.8624205045853985,0.8138339857248449,0.06128633273630533,107,0.9668538562807971,0.9696257004623355,0.9695805874948977,0.967805521986149,0.966960791964731,0.9681652916377821,0.0012195058555143615
2.1064950466156005,0.18108647993500243,0.04073920249938965,0.015231368327761964,10,1,2,200,"{'max_depth': 10, 'min_samples_leaf': 1, 'min_samples_split': 2, 'n_estimators': 200}",-1016077159.4665363,-1460915463.0990417,-1715246805.6882706,-645409740.7358902,-691306781.3153186,-1105791190.0610116,421745517.57709605,103,-179224186.18636262,-172493706.09944144,-172748874.05378476,-197175335.71374956,-201859527.47939014,-184700325.9065457,12424901.955720693,0.8506488233308337,0.7233148932114404,0.7646158024733437,0.8794537498558884,0.8624085027374659,0.8160883543217944,0.0610106452985913,104,0.9688517473355563,0.9718348664768661,0.969302538901114,0.9677476891754166,0.9674359513119619,0.969034558640183,0.0015593932013912984
3.0416219234466553,0.2252818496006588,0.04178180694580078,0.00551059413496012,10,1,2,300,"{'max_depth': 10, 'min_samples_leaf': 1, 'min_samples_split': 2, 'n_estimators': 300}",-1006682139.7772895,-1451067671.5019476,-1742526130.1178901,-638784504.1690453,-699015664.8322859,-1107615222.0796916,428489153.5389172,104,-176454791.7777043,-167419824.15570125,-171553858.715879,-196687623.99611026,-197226942.1629411,-181868608.16166717,12648734.931334997,0.8520297787359878,0.7251799821495049,0.7608722468120587,0.880691176832959,0.8608741957496133,0.8159294760560247,0.06129291428175609,105,0.9693330540085223,0.9726633405450369,0.9695148930310548,0.9678274650249323,0.9681832815751408,0.9695044068369374,0.0017068004993231144
0.908690357208252,0.07368217552824084,0.01428971290588379,0.0005701918887425136,10,1,5,100,"{'max_depth': 10, 'min_samples_leaf': 1, 'min_samples_split': 5, 'n_estimators': 100}",-1037725722.4950254,-1353176078.317619,-1807159371.5165687,-654114913.198028,-719433469.2658851,-1114321910.9586253,426771460.68466955,106,-236663264.89659697,-230638767.06589496,-209680742.39857695,-251285605.80059162,-256464175.77825966,-236946511.18798405,16551971.951502034,0.8474667437698691,0.7437198269235841,0.7520025939960782,0.8778278433488499,0.8568104192053021,0.8155654854487366,0.05620938689057578,106,0.9588691273859316,0.9623408191700802,0.962739748850914,0.95889677867322,0.9586271105898952,0.9602947169340081,0.001840226252102352
1.8238152503967284,0.17633144718076685,0.028726911544799803,0.003426433866972633,10,1,5,200,"{'max_depth': 10, 'min_samples_leaf': 1, 'min_samples_split': 5, 'n_estimators': 200}",-1037778592.9239982,-1382280723.591964,-1757000058.2300265,-651371307.148412,-709870885.6129975,-1107660313.5014796,416744049.71199894,105,-225427538.68000516,-218170206.6046755,-208403046.6201627,-253157939.58624294,-262990509.08524325,-233629848.1152659,20909637.387931317,0.8474589724498423,0.7382076517914975,0.7588859822450965,0.8783402797133473,0.858713670031217,0.8163213112462001,0.05659254242245997,103,0.9608218394975603,0.9643767118305873,0.9629667952885184,0.9585905177963024,0.9575742802468504,0.9608660289319637,0.002559438482952701
2.8704748153686523,0.16655878130334792,0.04157843589782715,0.009258637483871967,10,1,5,300,"{'max_depth': 10, 'min_samples_leaf': 1, 'min_samples_split': 5, 'n_estimators': 300}",-1041113195.4705851,-1374836355.174189,-1762967947.7881434,-640967040.9259492,-703619264.1730975,-1104700760.7063928,421010127.4702078,102,-222064924.862322,-212620223.46567786,-205674226.41437963,-251721211.0097204,-257566201.80682984,-229929357.51178592,20921026.97450772,0.8469688258016111,0.7396175525849877,0.7580670057048654,0.8802835340515742,0.859957936654203,0.8169789709594483,0.056937613748725635,102,0.9614062446888174,0.9652829246988464,0.9634517064207715,0.9588255259754586,0.9584493313703659,0.961483146630852,0.002630073668318801
0.9202150821685791,0.07783215626824068,0.016627120971679687,0.004002938554210938,10,1,10,100,"{'max_depth': 10, 'min_samples_leaf': 1, 'min_samples_split': 10, 'n_estimators': 100}",-1091227195.2474654,-1255759919.7947881,-1767769813.280173,-658310190.3069528,-725746470.1917151,-1099762717.7642188,401350208.4943487,97,-316345026.58778423,-338504044.5778103,-286514949.9947887,-365420717.41805166,-357915148.329613,-332939977.38160956,28776351.543158885,0.8396026678631677,0.7621696283697568,0.7574080432443472,0.8770442714690396,0.8555539361603187,0.818355709421326,0.04929702292661728,92,0.9450208421811418,0.9447283507946742,0.9490863163080535,0.9402275009841031,0.9422610046603725,0.944264802985669,0.0029782034092574903
1.5855637073516846,0.14776379452761598,0.025485515594482422,0.0013598562348150474,10,1,10,200,"{'max_depth': 10, 'min_samples_leaf': 1, 'min_samples_split': 10, 'n_estimators': 200}",-1072124063.606101,-1297708921.1827862,-1748000228.6117074,-661946909.1965901,-718167659.5444373,-1099589556.4283245,399363439.96076775,96,-311993463.49200773,-328039454.7946276,-285510040.02386516,-365371099.8400747,-360384603.5202015,-330259732.3341554,29938059.93628643,0.842410599487378,0.7542248401722997,0.7601210334724531,0.8763650241672029,0.8570623546115946,0.8180367703821856,0.05088312093064634,99,0.9457771217306641,0.9464370309266801,0.9492648887294906,0.9402356170171835,0.9418626312961653,0.9447154579400368,0.0032556369150982685
2.5279075145721435,0.24425606842096306,0.0514279842376709,0.010961257695027937,10,1,10,300,"{'max_depth': 10, 'min_samples_leaf': 1, 'min_samples_split': 10, 'n_estimators': 300}",-1087484073.35154,-1277500558.2487304,-1767591135.3384895,-653375269.1286244,-714233381.8699548,-1100036883.587468,406357120.68781066,98,-308223479.50885606,-323825525.8346862,-280231711.31598705,-366193161.15754366,-354725156.028845,-326639806.76918364,31157815.382144902,0.8401528619644367,0.7580521342202183,0.7574325633097858,0.8779659901932193,0.8578453979297126,0.8182897895234745,0.05086465593745828,96,0.9464323257862485,0.9471250900709675,0.950202847318597,0.9401011510251165,0.9427756153200417,0.9453274059041942,0.0035227211226821066
0.9672956466674805,0.052455340612051336,0.01470184326171875,0.0013184022548085397,10,2,2,100,"{'max_depth': 10, 'min_samples_leaf': 2, 'min_samples_split': 2, 'n_estimators': 100}",-1010912786.4863077,-1413449488.8345056,-1511855647.5703876,-645810872.2788012,-701672235.8284485,-1056740206.1996901,355361199.55608386,69,-261775959.66721568,-251955162.59425563,-255943424.81341746,-275368392.46729976,-274487690.4394833,-263906125.99633437,9530171.075819086,0.8514079243244634,0.7323045496904996,0.7925272752589668,0.8793788286077875,0.8603454557013084,0.8231928067166052,0.05391536205755293,70,0.9545046686683626,0.9588602334729875,0.9545188738869618,0.9549575155889952,0.9557195509800691,0.9557121685194753,0.0016347401303058206
1.9781861305236816,0.13720259883944377,0.03516850471496582,0.009935049099404734,10,2,2,200,"{'max_depth': 10, 'min_samples_leaf': 2, 'min_samples_split': 2, 'n_estimators': 200}",-1007203702.9749497,-1435125881.8281183,-1491925871.2537858,-639068742.0296508,-690362867.1009918,-1052737413.0374994,358780669.08978885,65,-251697440.17669716,-237489234.93328077,-255562742.4484675,-277213048.01533777,-274799778.60112554,-259352448.83498174,14890145.426766362,0.851953115190752,0.7281992230910359,0.7952622486689809,0.880638088374446,0.8625963709510389,0.8237298092552507,0.05564568581103312,66,0.9562562641324243,0.9612222604322348,0.9545865211127575,0.9546557820892942,0.9556692048100489,0.9564780065153521,0.0024539557452364475
2.927589273452759,0.13267990949135144,0.04819130897521973,0.014447960391802097,10,2,2,300,"{'max_depth': 10, 'min_samples_leaf': 2, 'min_samples_split': 2, 'n_estimators': 300}",-1026016484.8605373,-1421963025.656314,-1492481812.4012017,-632529332.7098957,-686563068.9479997,-1051910744.9151897,358070317.6553967,63,-248123503.7345587,-232389578.20216316,-254059821.22711772,-273386448.0195711,-272071320.0976649,-256006134.2562151,15387210.408877773,0.8491878615042031,0.7306921573897889,0.7951859565806222,0.8818594849879449,0.8633526486721556,0.8240556218269429,0.054895111712331544,63,0.9568773961217789,0.9620549430616594,0.9548535900935529,0.9552817056715621,0.9561093606781391,0.9570353991253386,0.0026043834151092526
1.0228616714477539,0.0657395576129837,0.024034643173217775,0.01185977778066659,10,2,5,100,"{'max_depth': 10, 'min_samples_leaf': 2, 'min_samples_split': 5, 'n_estimators': 100}",-1059529107.4652965,-1401282518.4266517,-1493882408.591449,-653775501.3074464,-690960872.8064361,-1059886081.7194561,348119542.5308568,71,-272917022.6235917,-271336341.4729489,-271581665.3269022,-289049512.0853036,-298635762.2834111,-280704060.7584315,11160669.364911627,0.8442619072371883,0.7346088715979762,0.7949937520481859,0.8778912369236312,0.862477349262539,0.8228466234139041,0.05219348920660748,72,0.9525684085502397,0.9556956340026774,0.9517399597988256,0.9527196711813724,0.9518239756903262,0.9529095298446884,0.0014464514055410754
1.8965150356292724,0.08482681349517687,0.03494606018066406,0.011024906620239224,10,2,5,200,"{'max_depth': 10, 'min_samples_leaf': 2, 'min_samples_split': 5, 'n_estimators': 200}",-1035560746.5421255,-1428042423.64554,-1486974313.8102543,-646309548.6550801,-687605953.4529574,-1056898597.2211914,354437184.6485245,70,-264316334.19633955,-256307841.72389004,-275971527.4134946,-292848644.71748185,-301522874.232592,-278193444.45675963,16944190.153886747,0.8477849693130903,0.7295407705201538,0.7959417534326614,0.8792856884467367,0.8631450823001955,0.8231396528025676,0.054517299691753875,71,0.9540631644864818,0.9581495189104584,0.9509598816572414,0.9520982404832921,0.951358225793579,0.9533258062662107,0.0026377183603363426
3.1331700325012206,0.2219022721904966,0.04886164665222168,0.00965102607141597,10,2,5,300,"{'max_depth': 10, 'min_samples_leaf': 2, 'min_samples_split': 5, 'n_estimators': 300}",-1051461568.3014779,-1407443934.5787137,-1490175140.8661892,-635696465.9883007,-683061306.226512,-1053567683.1922386,354330421.6833652,68,-262803719.02206054,-250450181.0185164,-272939007.87068766,-291821774.9033139,-299055732.6460431,-275414083.09212434,17980454.000237577,0.8454477388993954,0.733441951177827,0.7955025022966241,0.8812679444264667,0.8640496080958587,0.8239419489792343,0.0535844096796621,64,0.9543260493160076,0.9591059700160132,0.9514987601373868,0.9522662073555331,0.9517562259263835,0.9537906425502648,0.002837422955072534
0.9566625595092774,0.10319044530190367,0.023062992095947265,0.009521111883339721,10,2,10,100,"{'max_depth': 10, 'min_samples_leaf': 2, 'min_samples_split': 10, 'n_estimators': 100}",-1072985913.9215049,-1283573339.4111679,-1523031870.1610084,-658278629.6844469,-698421582.2553276,-1047258267.0866911,333424485.4834195,46,-358951709.628167,-370782896.6437542,-346292926.28797483,-406631247.1727033,-398646347.7573393,-376261025.4979877,23026777.017691277,0.8422839178101854,0.7569020005219493,0.7909935565094852,0.8770501661967687,0.8609924366138296,0.8256444155304438,0.04493352531081399,46,0.9376160172142943,0.939457792239415,0.9384637747031868,0.9334866233277702,0.9356902335015919,0.9369428881972516,0.002126304372068104
1.9098459720611571,0.10990028978962321,0.02825956344604492,0.002244951160862849,10,2,10,200,"{'max_depth': 10, 'min_samples_leaf': 2, 'min_samples_split': 10, 'n_estimators': 200}",-1107097660.100749,-1303952188.618355,-1530472957.9280775,-655783934.3588398,-704405410.8991901,-1060342430.3810422,338500581.17752445,72,-352499101.4058096,-360839235.72011536,-349017167.65890837,-410224860.60779774,-398725162.56389093,-374261105.5913044,25230416.476101216,0.8372698995511934,0.7530424178071784,0.7899724122246112,0.8775161123202515,0.859801469065522,0.8235204621937513,0.045855239868845474,69,0.9387374477283973,0.9410814140164414,0.93797967722952,0.9328988097603556,0.9356775190697791,0.9372749735608986,0.002786650223947869
2.64274206161499,0.2131411131209279,0.04174966812133789,0.0032599061281446506,10,2,10,300,"{'max_depth': 10, 'min_samples_leaf': 2, 'min_samples_split': 10, 'n_estimators': 300}",-1105327727.3352566,-1286253103.2979786,-1523041906.7453578,-646499090.6157504,-700023977.0426542,-1052229161.0073993,337021271.2848452,64,-349897790.52285576,-355885589.4735112,-348538517.95780843,-411835121.7751048,-398224585.98779064,-372876321.14341414,26718342.663198017,0.837530058475827,0.7563944757705735,0.7909921791838752,0.8792502867923121,0.8606735103368814,0.8249681021118939,0.04524586183573276,50,0.9391895423388689,0.9418902557482176,0.938064733243112,0.9326354165550709,0.9357582722559169,0.9375076440282373,0.0031351337437759467
0.893248462677002,0.08699168980040715,0.015817928314208984,0.0006718244568309249,10,4,2,100,"{'max_depth': 10, 'min_samples_leaf': 4, 'min_samples_split': 2, 'n_estimators': 100}",-983605981.070686,-1269103949.6451664,-1548736806.6425374,-693783904.661498,-697831814.8392386,-1038612491.3718255,332089466.6361891,22,-455461317.26967543,-420216757.73918813,-422033570.29963183,-505067496.45328075,-492087305.95505124,-458973289.5433655,34928955.203706615,0.855421697768638,0.7596423812994098,0.7874660549125645,0.8704186769447796,0.8611098186271551,0.8268117259105093,0.04462344342157148,28,0.9208431379097222,0.9313861278882861,0.925004668321813,0.9173852357139949,0.9206163058539711,0.9230470951375574,0.004820671657040161
1.7353079319000244,0.14415624128577897,0.0335965633392334,0.006722680914332845,10,4,2,200,"{'max_depth': 10, 'min_samples_leaf': 4, 'min_samples_split': 2, 'n_estimators': 200}",-989001702.2315671,-1272638990.97156,-1563678438.923168,-692419000.4615235,-694179812.2454268,-1042383588.966649,338034489.33666945,37,-450765026.8592289,-410902720.8456619,-423809714.60583365,-507018748.1724218,-494532256.1752757,-457405693.3316844,37881793.95696864,0.8546285913624478,0.758972874191298,0.7854156070630475,0.8706736066006681,0.8618366804466402,0.8263054719328202,0.04525230825995886,40,0.9216593293144809,0.9329069433352818,0.9246890476206984,0.917066066094149,0.9202218856400461,0.9233086544009312,0.005389822989679724
2.8872057437896728,0.052613514851119855,0.055351543426513675,0.014968347561059055,10,4,2,300,"{'max_depth': 10, 'min_samples_leaf': 4, 'min_samples_split': 2, 'n_estimators': 300}",-994576133.9140655,-1267782774.2483754,-1560849332.083959,-679210022.3321855,-684187291.9952332,-1037321110.9147638,341165225.5187677,17,-448040763.43746185,-407357121.6170466,-422145190.80799896,-503606535.98512334,-493731354.4000381,-454976193.2495338,38106229.52095013,0.8538092166493305,0.7598926008124349,0.7858038468433846,0.8731407103352844,0.8638255019941945,0.8272943753269256,0.04561558860998463,11,0.9221327924513003,0.933485876201597,0.9249848333664062,0.9176242075455927,0.9203510873910303,0.9237157593911853,0.005440579695815689
0.9385617256164551,0.11948182023225129,0.026691484451293945,0.016984387097350513,10,4,5,100,"{'max_depth': 10, 'min_samples_leaf': 4, 'min_samples_split': 5, 'n_estimators': 100}",-983605981.070686,-1269103949.6451664,-1548736806.6425374,-693783904.661498,-697831814.8392386,-1038612491.3718255,332089466.6361891,22,-455461317.26967543,-420216757.73918813,-422033570.29963183,-505067496.45328075,-492087305.95505124,-458973289.5433655,34928955.203706615,0.855421697768638,0.7596423812994098,0.7874660549125645,0.8704186769447796,0.8611098186271551,0.8268117259105093,0.04462344342157148,28,0.9208431379097222,0.9313861278882861,0.925004668321813,0.9173852357139949,0.9206163058539711,0.9230470951375574,0.004820671657040161
1.9616040229797362,0.09883675198281923,0.02999415397644043,0.002715142607962929,10,4,5,200,"{'max_depth': 10, 'min_samples_leaf': 4, 'min_samples_split': 5, 'n_estimators': 200}",-989001702.2315671,-1272638990.97156,-1563678438.923168,-692419000.4615235,-694179812.2454268,-1042383588.966649,338034489.33666945,37,-450765026.8592289,-410902720.8456619,-423809714.60583365,-507018748.1724218,-494532256.1752757,-457405693.3316844,37881793.95696864,0.8546285913624478,0.758972874191298,0.7854156070630475,0.8706736066006681,0.8618366804466402,0.8263054719328202,0.04525230825995886,40,0.9216593293144809,0.9329069433352818,0.9246890476206984,0.917066066094149,0.9202218856400461,0.9233086544009312,0.005389822989679724
2.6729576587677,0.09087201225115515,0.04938831329345703,0.008557497488152946,10,4,5,300,"{'max_depth': 10, 'min_samples_leaf': 4, 'min_samples_split': 5, 'n_estimators': 300}",-994576133.9140655,-1267782774.2483754,-1560849332.083959,-679210022.3321855,-684187291.9952332,-1037321110.9147638,341165225.5187677,17,-448040763.43746185,-407357121.6170466,-422145190.80799896,-503606535.98512334,-493731354.4000381,-454976193.2495338,38106229.52095013,0.8538092166493305,0.7598926008124349,0.7858038468433846,0.8731407103352844,0.8638255019941945,0.8272943753269256,0.04561558860998463,11,0.9221327924513003,0.933485876201597,0.9249848333664062,0.9176242075455927,0.9203510873910303,0.9237157593911853,0.005440579695815689
0.8493350982666016,0.06678689659959354,0.015173387527465821,0.0010526964875526023,10,4,10,100,"{'max_depth': 10, 'min_samples_leaf': 4, 'min_samples_split': 10, 'n_estimators': 100}",-982829352.403415,-1247256037.8954916,-1563021045.0423324,-708024926.1921161,-704179861.3323627,-1041062244.5731434,329469736.1199536,36,-484561867.9219421,-454900094.79160553,-444313491.39175266,-551353445.6590118,-527301126.8780826,-492486005.328479,41166860.32014135,0.8555358528839373,0.7637801921093128,0.7855058215619675,0.8677588135504339,0.8598463604269921,0.8264854081065287,0.04306192309930241,39,0.9157856101079292,0.9257229599895916,0.9210455281262093,0.9098141629163234,0.9149356001010731,0.9174607722482253,0.005454677219086173
1.8201582908630372,0.12039829799321396,0.037589406967163085,0.013327782219865187,10,4,10,200,"{'max_depth': 10, 'min_samples_leaf': 4, 'min_samples_split': 10, 'n_estimators': 200}",-990705556.1723104,-1247598289.6636095,-1574291969.802704,-702749299.618038,-700355702.0651095,-1043140163.4643543,334676525.00708354,45,-480942311.1394881,-445413324.909054,-445678192.54601556,-547347595.3467126,-526518535.8533272,-489179991.9589194,41601500.03577119,0.8543781452338723,0.7637153725017434,0.7839591067852337,0.8687441674435137,0.8606074867656498,0.8262808557460026,0.043534993379418734,42,0.9164146706805684,0.9272719796407276,0.9208030208402773,0.9104694067830137,0.9150618479554656,0.9180041851800105,0.005686515372317371
2.883046340942383,0.10631913573999319,0.0448401927947998,0.004859555316428882,10,4,10,300,"{'max_depth': 10, 'min_samples_leaf': 4, 'min_samples_split': 10, 'n_estimators': 300}",-995740558.8738581,-1239523810.772653,-1569147065.7406976,-688490531.7166448,-689804220.8931128,-1036541237.5993932,337016747.7103883,10,-478707659.67481905,-442648022.40305513,-443842012.1024254,-542690973.1038641,-526057156.295938,-486789164.7160203,41292121.35454294,0.8536380601222227,0.7652446109215127,0.7846651446043807,0.8714073454120215,0.8627075588783957,0.8275325439877067,0.04372911702923111,10,0.9168030417476636,0.9277235040242806,0.921129309958203,0.9112310985403795,0.9151362778650076,0.9184046464271068,0.005638653352781874
1.6649394989013673,0.04712595566888486,0.03651118278503418,0.01237127789458318,20,1,2,100,"{'max_depth': 20, 'min_samples_leaf': 1, 'min_samples_split': 2, 'n_estimators': 100}",-1080463304.8273299,-1459885794.1449132,-1751386923.3969936,-631080367.5091317,-695398251.7435559,-1123642928.324385,432434422.1698748,108,-152871259.76813325,-149371917.61931714,-136727486.3706449,-164801146.83963656,-163950885.80323336,-153544539.28019303,10350658.018634625,0.8411848308758952,0.7235099038549211,0.7596562756127336,0.8821301151171744,0.8615941731844483,0.8136150597290346,0.06129745495908532,108,0.973431752010087,0.9756102405155046,0.9757035366105798,0.9730431912648743,0.9735513864794488,0.9742680213760989,0.0011467673727136624
3.10360107421875,0.20600565111983182,0.03784103393554687,0.00570626545404975,20,1,2,200,"{'max_depth': 20, 'min_samples_leaf': 1, 'min_samples_split': 2, 'n_estimators': 200}",-1034016712.7294267,-1426697738.8223674,-1694469961.645063,-627952600.0427974,-691493796.9275812,-1094926162.033447,413293379.7305267,93,-141996755.54400712,-136181602.61556655,-135184255.55211714,-162389185.12026942,-165738277.88097212,-148298015.34258646,13124083.59752494,0.8480119237964139,0.7297954425208917,0.7674670194212654,0.8827143031385071,0.8623712808284696,0.8180719939411094,0.05897638058348708,98,0.9753216855753115,0.9777639827690258,0.9759777686035687,0.9734377200165989,0.9732630437721667,0.9751528401473344,0.0016757117251913216
4.588622999191284,0.4063860858418242,0.058298254013061525,0.016732539044181337,20,1,2,300,"{'max_depth': 20, 'min_samples_leaf': 1, 'min_samples_split': 2, 'n_estimators': 300}",-1039148353.5914941,-1400029581.2533355,-1698739356.128594,-622824324.1547747,-693992743.7641048,-1090946871.7784607,410935082.7458104,85,-141141355.128953,-130956086.56016326,-134172802.39655863,-160116118.0031241,-160791114.0439776,-145435495.22655532,12698479.268502722,0.8472576340322431,0.7348461673651543,0.766881128229923,0.8836721356423995,0.8618739128782196,0.8189061956295879,0.057649547718187824,86,0.9754703498199334,0.9786172159724614,0.9761575037483919,0.9738095295379162,0.9740611219509241,0.9756231442059254,0.0017321930422052457
1.291012954711914,0.16064124316086817,0.01783761978149414,0.0019381362469234416,20,1,5,100,"{'max_depth': 20, 'min_samples_leaf': 1, 'min_samples_split': 5, 'n_estimators': 100}",-1023364516.8093066,-1400780302.0516818,-1688378116.3475363,-640148659.2727829,-709878435.7625756,-1092510006.0487766,401474329.33814687,89,-204427829.6096991,-201581703.45095015,-178515166.10437685,-224134831.1316241,-228694773.25956824,-207470860.7112437,17947238.42666506,0.8495776690549882,0.7347039871572604,0.7683030064710937,0.8804363870893414,0.8587121673172078,0.8183466434179782,0.05649840404187469,95,0.9644714822043853,0.9670853173608334,0.9682778692650459,0.9633378778633491,0.9631068801947692,0.9652558853776766,0.00206840385012045
2.6024160385131836,0.2112744610502286,0.0424837589263916,0.01256238595189841,20,1,5,200,"{'max_depth': 20, 'min_samples_leaf': 1, 'min_samples_split': 5, 'n_estimators': 200}",-1018947428.103038,-1392980255.2097125,-1677064256.8009927,-638484327.7132896,-696448174.8629216,-1084784888.5379908,400025848.93600494,75,-195364903.00734222,-189237678.49436027,-179767119.020364,-223972689.43455914,-234485121.47126147,-204565502.28557742,21006549.202920675,0.8502269282077869,0.736181250454103,0.7698556132105208,0.8807472422187738,0.8613852059098481,0.8196792480002065,0.05631368889882717,78,0.9660465727861665,0.9691008756033749,0.9680553973320353,0.9633643996612831,0.9621727792214796,0.965748004920868,0.002650236108651591
4.1976038932800295,0.19745831189408405,0.05352287292480469,0.006801741055987208,20,1,5,300,"{'max_depth': 20, 'min_samples_leaf': 1, 'min_samples_split': 5, 'n_estimators': 300}",-1046522681.8420957,-1385943685.2818592,-1703331862.7408857,-628495801.8765714,-699803795.598692,-1092819565.468021,407639146.54341286,90,-191875781.99289998,-184370140.09725147,-174761927.38111958,-222344906.1156374,-227800908.7880716,-200230732.874996,21067391.47964751,0.8461736960742732,0.7375139176419656,0.7662508961956845,0.8826128467457693,0.8607173332753553,0.8186537379866096,0.056475109576439066,89,0.966652964285256,0.9698956574651809,0.9689448194858974,0.963630658995225,0.9632510787200198,0.9664750357903158,0.0026950518079766742
1.229525899887085,0.14190222782608422,0.022480106353759764,0.007127205490375207,20,1,10,100,"{'max_depth': 20, 'min_samples_leaf': 1, 'min_samples_split': 10, 'n_estimators': 100}",-1134206147.100646,-1267839835.7913904,-1748622240.1383004,-653910284.2877799,-704582889.4931093,-1101832279.3622453,401343997.31091046,101,-296729597.13207644,-315654790.815099,-257867629.12474617,-342885940.4901712,-342020192.04916614,-311031629.9222518,31709054.933317307,0.8332852765396092,0.7598817938359045,0.7600356745121251,0.8778660628646777,0.8597661453190619,0.8181669906142757,0.04959726916735075,97,0.9484299041264567,0.9484592247939825,0.9541769429347813,0.9439135534369099,0.9448251844970837,0.9479609619578427,0.003614449007408138
2.4754809856414797,0.2686884070705989,0.03877687454223633,0.010087242601280539,20,1,10,200,"{'max_depth': 20, 'min_samples_leaf': 1, 'min_samples_split': 10, 'n_estimators': 200}",-1087195965.679256,-1286531841.492423,-1719970502.5768297,-657233675.6294707,-709695863.2713479,-1092125569.7298656,391762887.2505662,86,-292830686.13532585,-305784648.0945922,-260635147.10796663,-343426126.35087276,-338739608.9213494,-308283243.32202137,30587507.278763033,0.8401952103426698,0.756341685099899,0.7639675671303101,0.8772453372407579,0.8587485049072705,0.8192996609441814,0.04975114873928591,79,0.9491075150417418,0.950070842364859,0.9536851552105734,0.9438251943010203,0.9453544093002593,0.9484086232436908,0.0035051178420833495
3.4374985694885254,0.1672671911840563,0.05746793746948242,0.010211100685270211,20,1,10,300,"{'max_depth': 20, 'min_samples_leaf': 1, 'min_samples_split': 10, 'n_estimators': 300}",-1083864671.2500746,-1271393439.202727,-1737740857.8641493,-643784140.1883519,-708337860.5434124,-1089024193.809743,399319236.2620841,77,-290180670.7721179,-302371103.4223333,-257523867.23293093,-344010654.68505543,-331134743.06991154,-305044207.83646977,30611608.91269747,0.8406848707372513,0.7592087712249561,0.7615289321739891,0.8797573710098154,0.8590187895821404,0.8200397469456305,0.050270676497282445,75,0.9495680742433443,0.9506282130866981,0.9542380293954548,0.9437295819900201,0.9465812288858619,0.9489490255202758,0.003578421603553382
1.2569544792175293,0.07838078125166192,0.01874079704284668,0.0023764814474846073,20,2,2,100,"{'max_depth': 20, 'min_samples_leaf': 2, 'min_samples_split': 2, 'n_estimators': 100}",-1003466650.2512784,-1423039819.6302128,-1478238770.5902534,-639679136.6374776,-693646490.145166,-1047614173.4508778,352146298.6771386,47,-240449376.60006145,-225924422.28835955,-230170721.65032274,-250240772.8512972,-247779546.94177407,-238912968.066363,9533363.805162849,0.8525024171963674,0.7304882216637438,0.797140536502235,0.8805240820673863,0.8619428280909008,0.8245196171041267,0.05461053250144047,56,0.9582111204145249,0.9631105872569043,0.9590986811771437,0.9590676838065544,0.9600281179131573,0.9599032381136571,0.001703608444622069
2.5324389934539795,0.24795858279853786,0.03887748718261719,0.007323399942854901,20,2,2,200,"{'max_depth': 20, 'min_samples_leaf': 2, 'min_samples_split': 2, 'n_estimators': 200}",-1023160685.4134799,-1451876278.1941595,-1465607719.207022,-634671147.1777805,-683769969.6842958,-1051817159.9353473,358206825.3921569,62,-227991774.22533843,-212707144.52450827,-229541333.56583366,-251970646.9790654,-249379027.63062373,-234317985.3850739,14617231.25502723,0.8496076298296452,0.7250268388399599,0.798873902151948,0.8814594481023633,0.8639085620814884,0.823775276201081,0.05652749265319396,65,0.9603761883923343,0.9652687320463531,0.9592105233894043,0.9587847253023671,0.9597700891360287,0.9606820516532976,0.0023549143385152003
3.9169449329376222,0.33390170805500885,0.0551915168762207,0.018234733421586873,20,2,2,300,"{'max_depth': 20, 'min_samples_leaf': 2, 'min_samples_split': 2, 'n_estimators': 300}",-1027993177.0929124,-1438740766.3861258,-1480009760.7945912,-628185762.3534737,-679016399.3696917,-1050789173.1993589,361127414.392708,56,-224172874.62481853,-207636862.40768275,-227781747.37734017,-247306178.4235933,-245156321.3729959,-230410796.84128612,14610681.549987053,0.848897311413526,0.7275145943460988,0.7968975026095653,0.8826707543036306,0.8648546700535303,0.8241669665452702,0.0561695238919151,60,0.961039893733607,0.9660966183272475,0.9595232017143269,0.9595477004946649,0.960451297567881,0.9613317423675454,0.0024502255520775884
1.1572597980499268,0.11295785695928921,0.01806297302246094,0.001053073284549032,20,2,5,100,"{'max_depth': 20, 'min_samples_leaf': 2, 'min_samples_split': 5, 'n_estimators': 100}",-1052861545.9418253,-1382178780.4497738,-1471810268.440497,-646766983.0021687,-684864866.3435613,-1047696488.8355652,341809547.613046,48,-254567704.1009864,-246008617.24863964,-247586991.3356088,-272640436.3503063,-272014798.7008637,-258563709.54728097,11603213.19081328,0.8452419589485832,0.7382269589655919,0.7980227231442976,0.8792002512558357,0.8636906436771449,0.8248765071982905,0.05118911585673572,51,0.9557574268503042,0.9598311978487202,0.9560038114474265,0.9554037320910876,0.9561184787293916,0.956622929393386,0.0016227323068774156
2.474152755737305,0.12101530078285157,0.0465693473815918,0.005351188809881077,20,2,5,200,"{'max_depth': 20, 'min_samples_leaf': 2, 'min_samples_split': 5, 'n_estimators': 200}",-1040819477.9367207,-1410770618.7615414,-1469392934.6064875,-641951688.4793193,-682885527.0013325,-1049164049.3570802,348540706.86144024,53,-243735438.2703334,-231817221.06112218,-250713237.64830196,-274254314.2154675,-274576824.50945836,-255019407.14093667,16951027.770296223,0.847011998762328,0.7328119051610472,0.7983544551042612,0.8800996267400159,0.8640845936152168,0.8244725158765738,0.05339539513814408,57,0.9576400195974167,0.9621483987341293,0.9554482777277709,0.9551397472962772,0.955705171841117,0.9572163230393423,0.0026163569487662242
3.676467943191528,0.204298276616791,0.0515955924987793,0.007865643439962355,20,2,5,300,"{'max_depth': 20, 'min_samples_leaf': 2, 'min_samples_split': 5, 'n_estimators': 300}",-1046333026.415511,-1387033719.2158005,-1473440160.2363758,-630998073.8759047,-676155376.2517956,-1042792071.1990776,348703137.20924693,39,-241123983.96713245,-226110067.40170804,-248131586.74895996,-270830939.36685205,-272797229.813124,-251798761.4595553,17835176.008995622,0.8462015731511843,0.737307474378797,0.7977990522584776,0.8821454854908612,0.8654241024171838,0.8257755375393007,0.052490160197496596,43,0.958093877082774,0.9630802747340673,0.9559070368860434,0.9556997146435466,0.955992256672138,0.957754632003714,0.00280070768200955
1.0116920471191406,0.08653751930025368,0.018702173233032228,0.0022953818735180777,20,2,10,100,"{'max_depth': 20, 'min_samples_leaf': 2, 'min_samples_split': 10, 'n_estimators': 100}",-1076034621.95769,-1264934818.194006,-1508538494.1159053,-651527660.1648049,-696365097.9953713,-1039480138.4855556,328760350.4976825,33,-348142146.4319023,-354023046.39450955,-329455724.8414628,-387618707.1735733,-387234972.9527805,-361294919.55884564,22827343.537801042,0.8418357942318894,0.760431979746354,0.7929824899262478,0.8783110769160617,0.861401740783949,0.8269926163209004,0.04387459222205274,22,0.9394946643589348,0.9421943756822078,0.9414557440532011,0.9365965373918039,0.9375311204261442,0.9394544883824585,0.002162445326219959
2.0209803104400637,0.143559121929049,0.03358173370361328,0.003682647435970353,20,2,10,200,"{'max_depth': 20, 'min_samples_leaf': 2, 'min_samples_split': 10, 'n_estimators': 200}",-1096167656.6670086,-1291271059.4908762,-1513489913.023969,-652361579.8314201,-702143837.7676913,-1051086809.356193,332950564.8498617,57,-341197275.46491975,-344467811.18388045,-333009769.62890697,-394648107.2546841,-387560435.6632348,-360176679.83912516,25624897.058517132,0.8388764791880037,0.7554441170536174,0.7923030041738606,0.8781553217695446,0.8602515922839571,0.8250061028937967,0.04509508591390454,47,0.9407016476361616,0.9437545744954744,0.9408241905788074,0.9354467262579435,0.9374786166692904,0.9396411511275355,0.0028883989427268926
3.1380703926086424,0.23039907032541693,0.05601038932800293,0.020529921218791065,20,2,10,300,"{'max_depth': 20, 'min_samples_leaf': 2, 'min_samples_split': 10, 'n_estimators': 300}",-1087964602.2436337,-1275232952.3601184,-1514086244.1443253,-640975855.5948508,-696311802.2932711,-1042914291.3272398,334572052.4559041,42,-337084559.45029044,-340091692.07580656,-332261845.310127,-396298358.9285665,-386373338.8823811,-358421958.9294343,27171809.51722243,0.840082229970804,0.7584815997117493,0.7922211693488315,0.8802818876938959,0.8614123482821652,0.8264958470014891,0.044938583421868225,36,0.9414164167769046,0.9444691163867651,0.9409570966704183,0.9351767917363047,0.9376701195319586,0.9399379082204703,0.0032114693149954995
0.9694096565246582,0.08565937328303176,0.028656482696533203,0.021505176160700405,20,4,2,100,"{'max_depth': 20, 'min_samples_leaf': 4, 'min_samples_split': 2, 'n_estimators': 100}",-983927355.0513128,-1264100335.0857403,-1542444916.718602,-696512528.7078016,-697698097.0378882,-1036936646.520269,328914369.11966264,11,-449022188.3704035,-411722954.82888645,-410905150.2428659,-496481383.90188956,-483059003.8956078,-450238136.24793065,35348631.72398357,0.8553744596413853,0.7605900238315566,0.7883294941889183,0.8699090388403719,0.8611364326182163,0.8270678898240895,0.04408460392309362,16,0.9219622257859805,0.9327730138129814,0.9269821876755906,0.918789681000115,0.9220727546602533,0.9245159725869841,0.004889627768451731
1.9632177829742432,0.18999597099381424,0.03419756889343262,0.006644416992846471,20,4,2,200,"{'max_depth': 20, 'min_samples_leaf': 4, 'min_samples_split': 2, 'n_estimators': 200}",-988682554.6150815,-1267105032.9088511,-1557063394.6139607,-690864847.8289742,-693118312.9137731,-1039366828.576128,335793086.5905638,24,-444109245.5471419,-401402213.6630692,-412854804.71339816,-498928880.59558064,-485765780.4316798,-448612184.99017394,38574104.296716616,0.8546755022408288,0.7600209593243665,0.7863233929811801,0.8709638830873412,0.8620479517466374,0.8268063378760708,0.044872499563395375,30,0.9228160702789654,0.9344582060415335,0.9266357342321557,0.918389339731156,0.9216360965346303,0.924787089363688,0.005508046079108105
2.8950265407562257,0.3101799448423138,0.05533766746520996,0.014349805632354974,20,4,2,300,"{'max_depth': 20, 'min_samples_leaf': 4, 'min_samples_split': 2, 'n_estimators': 300}",-993755087.6303421,-1262756100.665267,-1554506337.775665,-677398896.7181511,-682147894.9383715,-1034112863.5455593,339364123.3940575,4,-441127805.50026363,-397531381.09130627,-411822572.23146695,-495535819.4358809,-484908808.0852291,-446185277.26882935,38751936.680631585,0.8539299006224239,0.7608446105298099,0.7866742992005745,0.8734789828891862,0.8642314052807679,0.8278318397045525,0.0453231306323265,4,0.9233342294061465,0.9350902436891365,0.926819161861613,0.9189443486158794,0.9217743436095274,0.9251924654364606,0.0055639503479181516
0.9704622745513916,0.10290672426504471,0.020094633102416992,0.003983021892788126,20,4,5,100,"{'max_depth': 20, 'min_samples_leaf': 4, 'min_samples_split': 5, 'n_estimators': 100}",-983927355.0513128,-1264100335.0857403,-1542444916.718602,-696512528.7078016,-697698097.0378882,-1036936646.520269,328914369.11966264,11,-449022188.3704035,-411722954.82888645,-410905150.2428659,-496481383.90188956,-483059003.8956078,-450238136.24793065,35348631.72398357,0.8553744596413853,0.7605900238315566,0.7883294941889183,0.8699090388403719,0.8611364326182163,0.8270678898240895,0.04408460392309362,16,0.9219622257859805,0.9327730138129814,0.9269821876755906,0.918789681000115,0.9220727546602533,0.9245159725869841,0.004889627768451731
2.174982023239136,0.18991112976184243,0.03264312744140625,0.004772971112640557,20,4,5,200,"{'max_depth': 20, 'min_samples_leaf': 4, 'min_samples_split': 5, 'n_estimators': 200}",-988682554.6150815,-1267105032.9088511,-1557063394.6139607,-690864847.8289742,-693118312.9137731,-1039366828.576128,335793086.5905638,24,-444109245.5471419,-401402213.6630692,-412854804.71339816,-498928880.59558064,-485765780.4316798,-448612184.99017394,38574104.296716616,0.8546755022408288,0.7600209593243665,0.7863233929811801,0.8709638830873412,0.8620479517466374,0.8268063378760708,0.044872499563395375,30,0.9228160702789654,0.9344582060415335,0.9266357342321557,0.918389339731156,0.9216360965346303,0.924787089363688,0.005508046079108105
3.25602707862854,0.3974614804152854,0.05401740074157715,0.0062115721705262306,20,4,5,300,"{'max_depth': 20, 'min_samples_leaf': 4, 'min_samples_split': 5, 'n_estimators': 300}",-993755087.6303421,-1262756100.665267,-1554506337.775665,-677398896.7181511,-682147894.9383715,-1034112863.5455593,339364123.3940575,4,-441127805.50026363,-397531381.09130627,-411822572.23146695,-495535819.4358809,-484908808.0852291,-446185277.26882935,38751936.680631585,0.8539299006224239,0.7608446105298099,0.7866742992005745,0.8734789828891862,0.8642314052807679,0.8278318397045525,0.0453231306323265,4,0.9233342294061465,0.9350902436891365,0.926819161861613,0.9189443486158794,0.9217743436095274,0.9251924654364606,0.0055639503479181516
1.0406058788299561,0.11294359347736967,0.02397913932800293,0.009092531257282727,20,4,10,100,"{'max_depth': 20, 'min_samples_leaf': 4, 'min_samples_split': 10, 'n_estimators': 100}",-980719158.3092133,-1242306123.5537174,-1557650822.882239,-705085659.0622438,-701626574.7630699,-1037477667.7140967,328340293.0257268,19,-478786254.6472279,-447048904.49073553,-435244151.6535678,-544531887.3604022,-518922280.2448253,-484906695.6793517,41591498.90916267,0.8558460261498484,0.7647176642716944,0.786242779899101,0.8683077944664547,0.8603545436699525,0.8270937616914102,0.042874582376051164,13,0.9167893823409126,0.9270049187818276,0.9226571490721082,0.9109299770102026,0.9162872785337042,0.918733741147751,0.0055582363102247125
1.8937628269195557,0.14925252721483698,0.0498772144317627,0.018049059151116514,20,4,10,200,"{'max_depth': 20, 'min_samples_leaf': 4, 'min_samples_split': 10, 'n_estimators': 200}",-987761867.5052406,-1242167366.0038185,-1569049433.2259057,-700233321.2789236,-697975558.3158239,-1039437509.2659423,333440939.85577357,30,-475196865.1632442,-437017642.8843648,-436725434.475359,-540561863.9938337,-519198862.77492034,-481740133.85834444,42266750.603405416,0.8548108322223343,0.7647439437851099,0.7846785427643835,0.8692140886967601,0.8610812092156758,0.8269057233368526,0.04332176896787807,25,0.9174131999904008,0.9286428441817609,0.9223939252331833,0.9115793606013903,0.9162426601444276,0.9192543980302326,0.005820074347412027
3.019641971588135,0.37896414403504886,0.054159116744995114,0.009463348985419886,20,4,10,300,"{'max_depth': 20, 'min_samples_leaf': 4, 'min_samples_split': 10, 'n_estimators': 300}",-992346906.3215424,-1234985441.2317286,-1565202235.0406291,-685634940.4040956,-688078603.6972466,-1033249625.3390484,336250785.6255222,1,-472855670.0456599,-434220630.2644332,-435054182.06062627,-535810319.8024751,-518804263.41837144,-479349013.1183132,41917448.46819234,0.8541368864142739,0.7661041399584723,0.7852064957415086,0.8719406977972511,0.8630510102376164,0.8280878460298243,0.043600087122382294,1,0.9178200878028719,0.9290995462591158,0.9226909066535757,0.9123565789061123,0.9163063170489065,0.9196546873341165,0.005766519114731559
1.8167449474334716,0.21442717517370524,0.022904205322265624,0.009035800449881825,30,1,2,100,"{'max_depth': 30, 'min_samples_leaf': 1, 'min_samples_split': 2, 'n_estimators': 100}",-1049239868.683994,-1392474820.3995452,-1721515780.2237325,-626810090.3249527,-706263620.1362184,-1099260835.9536884,413118450.8576585,94,-152787445.41122156,-149060867.26366535,-132908243.65366282,-164075291.53296065,-167002544.4071473,-153166878.45373154,12147713.443861417,0.8457743021421426,0.7362769755579561,0.7637555078874851,0.8829276951181236,0.8594316277764444,0.8176332216964305,0.057138502342852185,100,0.9734463185193375,0.9756610294688957,0.9763822157358357,0.9731619206732957,0.9730590918595317,0.9743421152513794,0.001395922974318366
3.4289616107940675,0.26574735582267633,0.044713592529296874,0.014405635616297697,30,1,2,200,"{'max_depth': 30, 'min_samples_leaf': 1, 'min_samples_split': 2, 'n_estimators': 200}",-1010600385.24557,-1395433233.5260901,-1687120483.5845926,-626781503.1716565,-692844728.7531743,-1082556066.856217,406982371.9674986,74,-142652271.24912423,-138229452.5902648,-136034196.81558454,-162099714.65935764,-164899787.94508943,-148783084.65188414,12235856.5170666,0.8514538435663855,0.73571667698318,0.7684755920591892,0.8829330344768513,0.8621024034825404,0.8201363101136294,0.057412322253577515,74,0.9752077602773761,0.977429605537085,0.9758267341090486,0.9734850692007454,0.9733983092582077,0.9750694956764926,0.0015143260546772344
4.791871643066406,0.27084203221911657,0.07289376258850097,0.02044335624612125,30,1,2,300,"{'max_depth': 30, 'min_samples_leaf': 1, 'min_samples_split': 2, 'n_estimators': 300}",-1026429961.5878474,-1400952795.5253396,-1698641259.196477,-624310813.4866749,-695195981.41855,-1089106162.2429779,410830770.5172154,78,-140212423.9392862,-133307901.60806488,-133788925.82285523,-159532438.115552,-158745109.99714136,-145117359.89657992,11707819.380554963,0.8491270853759596,0.734671318343503,0.7668945901221532,0.883394496952541,0.8616344312545579,0.8191443844097428,0.05778958953582062,83,0.9756317933394678,0.9782332066868838,0.9762257185848277,0.9739050030670363,0.9743911840303764,0.9756773811417183,0.0015251638249963978
1.3803481101989745,0.02103936477304026,0.01868281364440918,0.001715179013312493,30,1,5,100,"{'max_depth': 30, 'min_samples_leaf': 1, 'min_samples_split': 5, 'n_estimators': 100}",-1014826094.6396855,-1403516591.5442255,-1698621897.5126657,-639997278.0705969,-693978646.4634342,-1090188101.6461215,408337989.5729044,81,-205502754.45446903,-200527753.54773962,-177145872.64225402,-217839594.28218073,-229597306.12283215,-206122656.2098951,17661749.778750807,0.8508327148810361,0.7341857569313697,0.7668972471359378,0.8804646612772161,0.8618767186784215,0.8188514197807961,0.05751118435601776,87,0.9642846657295968,0.967257408507936,0.9685211926037172,0.9643676006471225,0.9629612832815648,0.9654784301539874,0.0020696961796801056
2.82875394821167,0.27180761016429933,0.03527126312255859,0.004868816405622657,30,1,5,200,"{'max_depth': 30, 'min_samples_leaf': 1, 'min_samples_split': 5, 'n_estimators': 200}",-1017541029.5095236,-1403170526.7979105,-1705406240.104908,-637697955.7835104,-687938329.6793067,-1090350816.375032,411893440.63782233,83,-196667927.84166288,-187864153.89015025,-180921843.98281458,-222263746.9176436,-234232852.51522636,-204390105.02949953,20462429.034590825,0.8504336519618347,0.7342512986849541,0.7659662283277261,0.880894116648102,0.8630789291191854,0.8189248449483604,0.05789093748518087,84,0.9658201136924967,0.9693251475768263,0.9678502027985896,0.9636439343456663,0.9622134753365919,0.9657705747500342,0.0026129619421158554
3.9800566673278808,0.16685839414738124,0.06720528602600098,0.011051495380109907,30,1,5,300,"{'max_depth': 30, 'min_samples_leaf': 1, 'min_samples_split': 5, 'n_estimators': 300}",-1035088702.2330452,-1388865122.8676982,-1724300979.7501554,-628125234.3404025,-696229861.1027523,-1094521980.0588107,415440567.37954396,92,-192037267.33823228,-183179071.90955904,-175733460.62813455,-221841887.44758552,-226734516.99046355,-199905240.86279497,20625087.713116877,0.8478543541746083,0.7369606219237457,0.7633732935301667,0.8826820594088125,0.8614286571213025,0.8184597972317272,0.05746564247124303,91,0.9666248989529755,0.970090137572891,0.9687721781056287,0.9637129386291045,0.9634231094131036,0.9665246525347406,0.0026570438052828643
1.1968984603881836,0.08826500200443357,0.03141388893127441,0.016593954062037553,30,1,10,100,"{'max_depth': 30, 'min_samples_leaf': 1, 'min_samples_split': 10, 'n_estimators': 100}",-1125405582.4340708,-1267885673.1022735,-1748381466.2796302,-655332019.5481384,-705214967.2937192,-1100443941.7315664,400702737.23384327,99,-296472171.5626566,-316610918.04764426,-257885261.96855178,-341576608.85535645,-343494500.1503221,-311207892.11690617,31794090.803301867,0.8345788541740047,0.7598731126345777,0.7600687160320512,0.8776005186010624,0.8596403422265378,0.8183523087336468,0.04958860033058058,93,0.9484746433820739,0.9483031063373809,0.9541738095798477,0.9441277230778826,0.944587348605032,0.9479333261964434,0.0036069814428372634
2.4441465377807616,0.14039802503045876,0.03879594802856445,0.007831762177901937,30,1,10,200,"{'max_depth': 30, 'min_samples_leaf': 1, 'min_samples_split': 10, 'n_estimators': 200}",-1083100906.1536143,-1288090892.9824307,-1721458598.1060762,-658576205.1378651,-710851620.9356768,-1092415644.6631324,391887322.56229615,87,-292741527.1776877,-306150175.62312216,-260142316.63961813,-344320413.45068127,-339372086.8263739,-308545303.9434966,31075695.27084828,0.8407971350616605,0.7560464138546439,0.7637633550187742,0.8769945866125441,0.8585184732747078,0.819223992764466,0.04982807842325455,80,0.949123010415435,0.9500111582646085,0.953772731145371,0.9436789142127677,0.9452523777461854,0.9483676383568735,0.00358261791036301
3.5386996269226074,0.24728372149062716,0.055024576187133786,0.00550885263711982,30,1,10,300,"{'max_depth': 30, 'min_samples_leaf': 1, 'min_samples_split': 10, 'n_estimators': 300}",-1081789645.0914023,-1275974777.3199296,-1737467936.3880317,-645817415.7875295,-709606104.9133594,-1090131175.9000506,398965250.08546036,79,-290058599.6993577,-302510757.04753137,-256880674.48539388,-344705654.6371562,-331617360.80241686,-305154609.3343712,31079944.16797063,0.8409898747377149,0.7583411043008865,0.7615663853279204,0.8793776064455079,0.8587663696052616,0.8198082680834583,0.05036909635463885,76,0.9495892895753721,0.9506054101503497,0.9543523246952346,0.9436158996453339,0.9465033728265753,0.9489332593785729,0.003654350719817746
1.1903157234191895,0.07475015094752653,0.019907522201538085,0.0038866963928820934,30,2,2,100,"{'max_depth': 30, 'min_samples_leaf': 2, 'min_samples_split': 2, 'n_estimators': 100}",-1015217174.6943079,-1419680240.1691668,-1478283332.0594378,-635461682.9400399,-691795534.9023422,-1048087592.9530588,352543360.75182325,49,-239285391.47801888,-225682658.5520948,-227788783.47870663,-247804210.52507514,-249605475.14114392,-238033303.83500785,9883745.504466962,0.8507752307955161,0.7311244977696674,0.7971344213089988,0.8813117959742183,0.8623112256100768,0.8245314342916954,0.0544343844837006,54,0.9584134151128606,0.963150062946,0.9595219513996771,0.9594662365221074,0.9597335585454246,0.960057044905214,0.0016129663682250856
2.4552573680877687,0.2453005219587989,0.034308004379272464,0.0046193688913074606,30,2,2,200,"{'max_depth': 30, 'min_samples_leaf': 2, 'min_samples_split': 2, 'n_estimators': 200}",-1029739520.8406727,-1450122896.8724177,-1468990405.5779111,-632499659.1800317,-683506648.4098653,-1052971826.1761796,359065880.3546046,66,-227650153.39285937,-212495498.80950895,-228316400.50353867,-250146378.59295025,-249396637.66926578,-233601013.79362458,14366860.964339906,0.8486406197920611,0.7253589145216137,0.7984096943689889,0.8818650272543964,0.863960971184638,0.8236470454243395,0.0564565414153026,67,0.9604355603567545,0.9653032900018713,0.9594281938965755,0.9590831240387175,0.959767248278513,0.9608034833144863,0.002293838163305363
3.9132328987121583,0.2982555696009682,0.06084542274475098,0.016881553664732422,30,2,2,300,"{'max_depth': 30, 'min_samples_leaf': 2, 'min_samples_split': 2, 'n_estimators': 300}",-1032570190.3290961,-1438679656.8925636,-1482663057.849807,-627228322.9094698,-676907027.2230772,-1051609651.0408026,362351845.0286477,60,-223677702.9809509,-207379847.34486184,-226939540.9756971,-246325451.41035515,-245080627.63844183,-229880634.07006136,14525037.747099457,0.8482245452696504,0.7275261679704317,0.7965333892959181,0.8828495798270619,0.8652745005539406,0.8240816365834005,0.05624103072081898,61,0.9611259520486349,0.9661385842848786,0.9596728617245197,0.9597081197091195,0.9604635085072811,0.9614218052548867,0.002418652013666974
1.3370877265930177,0.181825165474585,0.026185941696166993,0.010973774967591861,30,2,5,100,"{'max_depth': 30, 'min_samples_leaf': 2, 'min_samples_split': 5, 'n_estimators': 100}",-1059353969.7026814,-1381374450.7143583,-1474021315.1361883,-646511851.781797,-684333967.2626424,-1049119110.9195335,342403578.38312274,51,-253369387.00148085,-245826467.97885236,-246684190.73732683,-271529329.7556033,-271926159.6405843,-257867107.02276954,11615312.145052904,0.8442876503913199,0.7383792922554762,0.7977193000739655,0.8792479033285723,0.8637963090653824,0.8246860910229433,0.0511212147247065,52,0.955965688271833,0.9598609395629004,0.9561642390415143,0.9555854777192713,0.9561327780132086,0.9567418245217455,0.0015730827494136674
2.4951448917388914,0.28028133967177715,0.037520408630371094,0.008152211665182185,30,2,5,200,"{'max_depth': 30, 'min_samples_leaf': 2, 'min_samples_split': 5, 'n_estimators': 200}",-1040634181.4441583,-1411138160.3036268,-1469507012.1374753,-642560811.0671793,-682469852.5141469,-1049262003.4933174,348590591.2133054,54,-243390313.15357476,-231840644.31788847,-250247670.12558433,-274330938.52947044,-273637354.05530393,-254689384.03636438,16818317.17352522,0.8470392351281286,0.7327422958828995,0.7983388001862645,0.8799858580141815,0.8641673257344604,0.8244547029891869,0.0534117377962829,58,0.9577000005886345,0.9621445741357176,0.9555310090393109,0.9551272137246567,0.9558567275392407,0.9572719050055121,0.002590726423113878
3.7347686290740967,0.29999544830845243,0.06292014122009278,0.019127635313703047,30,2,5,300,"{'max_depth': 30, 'min_samples_leaf': 2, 'min_samples_split': 5, 'n_estimators': 300}",-1046104306.0972681,-1386985433.6157582,-1473188120.3125298,-631556504.7491158,-676138220.0090953,-1042794516.9567534,348502665.24092704,40,-240904563.117873,-226170553.09947258,-247754866.2689427,-270667101.5515001,-272123371.8065028,-251524091.16885823,17666740.13113888,0.8462351922994344,0.7373166192655077,0.7978336398262973,0.8820411846979208,0.8654275170417534,0.825770830626183,0.05246413967796193,44,0.9581320113111838,0.9630703985026831,0.9559739800852036,0.9557265138784835,0.9561009636784926,0.9578007734912093,0.002771560814542964
1.0834784030914306,0.12287621977982352,0.017130565643310548,0.0011834585434609786,30,2,10,100,"{'max_depth': 30, 'min_samples_leaf': 2, 'min_samples_split': 10, 'n_estimators': 100}",-1076034621.95769,-1264604176.7334895,-1508551386.6623623,-650736887.7314781,-698015064.2269889,-1039588427.4624016,328561882.1585555,34,-348142146.4319023,-354007829.4148966,-329380503.00680494,-387619506.8066673,-387232588.5388225,-361276514.8398187,22848947.370794427,0.8418357942318894,0.7604946004592718,0.7929807206754951,0.8784587732483888,0.8610733463136837,0.8269686469857458,0.04383919178658602,23,0.9394946643589348,0.9421968603425024,0.9414691109672019,0.9365964065944352,0.9375315050806273,0.9394577094687403,0.0021655191822953935
2.249833106994629,0.1660176209379393,0.037795495986938474,0.012139164685335754,30,2,10,200,"{'max_depth': 30, 'min_samples_leaf': 2, 'min_samples_split': 10, 'n_estimators': 200}",-1096174457.929135,-1291120950.781188,-1513502664.510968,-651952470.16217,-702906368.3047502,-1051131382.3376424,332871007.60590935,58,-341158703.1326457,-344456494.7146814,-332964769.08146244,-394648516.1647978,-387560613.7281584,-360157819.3643492,25641689.88874696,0.8388754794839045,0.7554725463812678,0.7923012542807696,0.8782317331302866,0.8600998250495858,0.8249961676651628,0.04508085794737214,48,0.9407083513114696,0.9437564222722612,0.9408321871724882,0.9354466593718087,0.9374785879437955,0.9396444416143647,0.002890097789473131
3.3188842296600343,0.18226648104688228,0.054055309295654295,0.009297707190679544,30,2,10,300,"{'max_depth': 30, 'min_samples_leaf': 2, 'min_samples_split': 10, 'n_estimators': 300}",-1088138875.3742807,-1275126479.7282596,-1514095029.2261593,-640644300.541327,-696750129.7941029,-1042950962.9328257,334553378.9110472,43,-337060698.1419926,-340083475.1915454,-332238372.31866246,-396297539.6038082,-385973907.8353301,-358330798.6182677,27099120.299227946,0.8400566139072192,0.7585017647331075,0.7922199637675524,0.8803438138098126,0.8613251075103967,0.8264894527456177,0.04493240814070079,37,0.9414205637510132,0.9444704580568329,0.9409612678191236,0.9351769257546731,0.937734555886418,0.9399527542536121,0.0032034404578083833
1.0781169414520264,0.07409073828780613,0.017594337463378906,0.0015077535522402517,30,4,2,100,"{'max_depth': 30, 'min_samples_leaf': 4, 'min_samples_split': 2, 'n_estimators': 100}",-983927355.0513128,-1264100335.0857403,-1542444916.718602,-696512528.7078016,-697698097.0378882,-1036936646.520269,328914369.11966264,11,-449022188.3704035,-411722954.82888645,-410905150.2428659,-496481383.90188956,-483059003.8956078,-450238136.24793065,35348631.72398357,0.8553744596413853,0.7605900238315566,0.7883294941889183,0.8699090388403719,0.8611364326182163,0.8270678898240895,0.04408460392309362,16,0.9219622257859805,0.9327730138129814,0.9269821876755906,0.918789681000115,0.9220727546602533,0.9245159725869841,0.004889627768451731
2.0545183181762696,0.045846317306990195,0.03145580291748047,0.0005758748639232466,30,4,2,200,"{'max_depth': 30, 'min_samples_leaf': 4, 'min_samples_split': 2, 'n_estimators': 200}",-988682554.6150815,-1267105032.9088511,-1557063394.6139607,-690864847.8289742,-693118312.9137731,-1039366828.576128,335793086.5905638,24,-444109245.5471419,-401402213.6630692,-412854804.71339816,-498928880.59558064,-485765780.4316798,-448612184.99017394,38574104.296716616,0.8546755022408288,0.7600209593243665,0.7863233929811801,0.8709638830873412,0.8620479517466374,0.8268063378760708,0.044872499563395375,30,0.9228160702789654,0.9344582060415335,0.9266357342321557,0.918389339731156,0.9216360965346303,0.924787089363688,0.005508046079108105
2.9559699058532716,0.2384401516052381,0.055238962173461914,0.008717961980944147,30,4,2,300,"{'max_depth': 30, 'min_samples_leaf': 4, 'min_samples_split': 2, 'n_estimators': 300}",-993755087.6303421,-1262756100.665267,-1554506337.775665,-677398896.7181511,-682147894.9383715,-1034112863.5455593,339364123.3940575,4,-441127805.50026363,-397531381.09130627,-411822572.23146695,-495535819.4358809,-484908808.0852291,-446185277.26882935,38751936.680631585,0.8539299006224239,0.7608446105298099,0.7866742992005745,0.8734789828891862,0.8642314052807679,0.8278318397045525,0.0453231306323265,4,0.9233342294061465,0.9350902436891365,0.926819161861613,0.9189443486158794,0.9217743436095274,0.9251924654364606,0.0055639503479181516
1.1241345405578613,0.08148205988587659,0.017669200897216797,0.0009344264276451115,30,4,5,100,"{'max_depth': 30, 'min_samples_leaf': 4, 'min_samples_split': 5, 'n_estimators': 100}",-983927355.0513128,-1264100335.0857403,-1542444916.718602,-696512528.7078016,-697698097.0378882,-1036936646.520269,328914369.11966264,11,-449022188.3704035,-411722954.82888645,-410905150.2428659,-496481383.90188956,-483059003.8956078,-450238136.24793065,35348631.72398357,0.8553744596413853,0.7605900238315566,0.7883294941889183,0.8699090388403719,0.8611364326182163,0.8270678898240895,0.04408460392309362,16,0.9219622257859805,0.9327730138129814,0.9269821876755906,0.918789681000115,0.9220727546602533,0.9245159725869841,0.004889627768451731
2.0033490657806396,0.1492460757926746,0.03832650184631348,0.012505015304984105,30,4,5,200,"{'max_depth': 30, 'min_samples_leaf': 4, 'min_samples_split': 5, 'n_estimators': 200}",-988682554.6150815,-1267105032.9088511,-1557063394.6139607,-690864847.8289742,-693118312.9137731,-1039366828.576128,335793086.5905638,24,-444109245.5471419,-401402213.6630692,-412854804.71339816,-498928880.59558064,-485765780.4316798,-448612184.99017394,38574104.296716616,0.8546755022408288,0.7600209593243665,0.7863233929811801,0.8709638830873412,0.8620479517466374,0.8268063378760708,0.044872499563395375,30,0.9228160702789654,0.9344582060415335,0.9266357342321557,0.918389339731156,0.9216360965346303,0.924787089363688,0.005508046079108105
3.0299909114837646,0.25022285478435013,0.0490516185760498,0.007571489857502116,30,4,5,300,"{'max_depth': 30, 'min_samples_leaf': 4, 'min_samples_split': 5, 'n_estimators': 300}",-993755087.6303421,-1262756100.665267,-1554506337.775665,-677398896.7181511,-682147894.9383715,-1034112863.5455593,339364123.3940575,4,-441127805.50026363,-397531381.09130627,-411822572.23146695,-495535819.4358809,-484908808.0852291,-446185277.26882935,38751936.680631585,0.8539299006224239,0.7608446105298099,0.7866742992005745,0.8734789828891862,0.8642314052807679,0.8278318397045525,0.0453231306323265,4,0.9233342294061465,0.9350902436891365,0.926819161861613,0.9189443486158794,0.9217743436095274,0.9251924654364606,0.0055639503479181516
0.9415701389312744,0.08266641397708276,0.01929311752319336,0.002890317580878034,30,4,10,100,"{'max_depth': 30, 'min_samples_leaf': 4, 'min_samples_split': 10, 'n_estimators': 100}",-980719158.3092133,-1242306123.5537174,-1557650822.882239,-705085659.0622438,-701626574.7630699,-1037477667.7140967,328340293.0257268,19,-478786254.6472279,-447048904.49073553,-435244151.6535678,-544531887.3604022,-518922280.2448253,-484906695.6793517,41591498.90916267,0.8558460261498484,0.7647176642716944,0.786242779899101,0.8683077944664547,0.8603545436699525,0.8270937616914102,0.042874582376051164,13,0.9167893823409126,0.9270049187818276,0.9226571490721082,0.9109299770102026,0.9162872785337042,0.918733741147751,0.0055582363102247125
1.960215950012207,0.21235238482217553,0.037502717971801755,0.012107534599598358,30,4,10,200,"{'max_depth': 30, 'min_samples_leaf': 4, 'min_samples_split': 10, 'n_estimators': 200}",-987761867.5052406,-1242167366.0038185,-1569049433.2259057,-700233321.2789236,-697975558.3158239,-1039437509.2659423,333440939.85577357,30,-475196865.1632442,-437017642.8843648,-436725434.475359,-540561863.9938337,-519198862.77492034,-481740133.85834444,42266750.603405416,0.8548108322223343,0.7647439437851099,0.7846785427643835,0.8692140886967601,0.8610812092156758,0.8269057233368526,0.04332176896787807,25,0.9174131999904008,0.9286428441817609,0.9223939252331833,0.9115793606013903,0.9162426601444276,0.9192543980302326,0.005820074347412027
3.159166860580444,0.1039392738635638,0.05760092735290527,0.011894218534171446,30,4,10,300,"{'max_depth': 30, 'min_samples_leaf': 4, 'min_samples_split': 10, 'n_estimators': 300}",-992346906.3215424,-1234985441.2317286,-1565202235.0406291,-685634940.4040956,-688078603.6972466,-1033249625.3390484,336250785.6255222,1,-472855670.0456599,-434220630.2644332,-435054182.06062627,-535810319.8024751,-518804263.41837144,-479349013.1183132,41917448.46819234,0.8541368864142739,0.7661041399584723,0.7852064957415086,0.8719406977972511,0.8630510102376164,0.8280878460298243,0.043600087122382294,1,0.9178200878028719,0.9290995462591158,0.9226909066535757,0.9123565789061123,0.9163063170489065,0.9196546873341165,0.005766519114731559
1.664679718017578,0.15892633158851724,0.020894336700439452,0.004135809657850562,,1,2,100,"{'max_depth': None, 'min_samples_leaf': 1, 'min_samples_split': 2, 'n_estimators': 100}",-1049239868.683994,-1392474820.3995452,-1721515780.2237325,-626810090.3249527,-706263620.1362184,-1099260835.9536884,413118450.8576585,94,-152787445.41122156,-149060867.26366535,-132908243.65366282,-164075291.53296065,-167002544.4071473,-153166878.45373154,12147713.443861417,0.8457743021421426,0.7362769755579561,0.7637555078874851,0.8829276951181236,0.8594316277764444,0.8176332216964305,0.057138502342852185,100,0.9734463185193375,0.9756610294688957,0.9763822157358357,0.9731619206732957,0.9730590918595317,0.9743421152513794,0.001395922974318366
3.2760853290557863,0.26334149370774285,0.03913779258728027,0.004252547975629227,,1,2,200,"{'max_depth': None, 'min_samples_leaf': 1, 'min_samples_split': 2, 'n_estimators': 200}",-1010600385.24557,-1395433233.5260901,-1687120483.5845926,-625929443.7080678,-692844728.7531743,-1082385654.963499,407173312.0739181,73,-142652271.24912423,-138229452.5902648,-136034196.81558454,-161508511.74843094,-164899787.94508943,-148664844.06969878,12108797.457951076,0.8514538435663855,0.73571667698318,0.7684755920591892,0.8830921776796148,0.8621024034825404,0.8201681387541822,0.057447160656844964,73,0.9752077602773761,0.977429605537085,0.9758267341090486,0.9735817732838122,0.9733983092582077,0.975088836493106,0.0014944535672993752
4.940290832519532,0.22702641650413471,0.06462488174438477,0.01195643880696387,,1,2,300,"{'max_depth': None, 'min_samples_leaf': 1, 'min_samples_split': 2, 'n_estimators': 300}",-1026588810.3500781,-1400952795.5253396,-1698641259.196477,-623718097.5859705,-695195981.41855,-1089019388.8152833,410960100.2602431,76,-140330762.29133692,-133307901.60806488,-133788925.82285523,-159158224.58857113,-158745109.99714136,-145066184.8615939,11606520.580661114,0.8491037365098517,0.734671318343503,0.7668945901221532,0.8835052013233013,0.8616344312545579,0.8191618555106734,0.057811798070019224,82,0.9756112267353281,0.9782332066868838,0.9762257185848277,0.9739662138211261,0.9743911840303764,0.9756855099717084,0.0015112485429751863
1.491857147216797,0.09389895677325806,0.025766897201538085,0.010814005891473992,,1,5,100,"{'max_depth': None, 'min_samples_leaf': 1, 'min_samples_split': 5, 'n_estimators': 100}",-1014826094.6396855,-1403516591.5442255,-1698621897.5126657,-639997278.0705969,-693978646.4634342,-1090188101.6461215,408337989.5729044,81,-205502754.45446903,-200527753.54773962,-177145872.64225402,-217839594.28218073,-229597306.12283215,-206122656.2098951,17661749.778750807,0.8508327148810361,0.7341857569313697,0.7668972471359378,0.8804646612772161,0.8618767186784215,0.8188514197807961,0.05751118435601776,87,0.9642846657295968,0.967257408507936,0.9685211926037172,0.9643676006471225,0.9629612832815648,0.9654784301539874,0.0020696961796801056
2.7910616874694822,0.10561070456446797,0.043769216537475585,0.012604115675195766,,1,5,200,"{'max_depth': None, 'min_samples_leaf': 1, 'min_samples_split': 5, 'n_estimators': 200}",-1017541029.5095236,-1403170526.7979105,-1705406240.104908,-637697955.7835104,-687938329.6793067,-1090350816.375032,411893440.63782233,83,-196667927.84166288,-187864153.89015025,-180921843.98281458,-222263746.9176436,-234232852.51522636,-204390105.02949953,20462429.034590825,0.8504336519618347,0.7342512986849541,0.7659662283277261,0.880894116648102,0.8630789291191854,0.8189248449483604,0.05789093748518087,84,0.9658201136924967,0.9693251475768263,0.9678502027985896,0.9636439343456663,0.9622134753365919,0.9657705747500342,0.0026129619421158554
3.867643690109253,0.34573284963730827,0.056483221054077146,0.010850386627236482,,1,5,300,"{'max_depth': None, 'min_samples_leaf': 1, 'min_samples_split': 5, 'n_estimators': 300}",-1035013200.5249728,-1388865122.8676982,-1724300979.7501554,-628125234.3404025,-696229861.1027523,-1094506879.7171962,415442728.73925185,91,-192030587.25844252,-183179071.90955904,-175733460.62813455,-221841887.44758552,-226734516.99046355,-199903904.84683704,20625597.537765794,0.8478654520216922,0.7369606219237457,0.7633732935301667,0.8826820594088125,0.8614286571213025,0.818462016801144,0.05746677797526067,90,0.966626059916892,0.970090137572891,0.9687721781056287,0.9637129386291045,0.9634231094131036,0.9665248847275241,0.0026570526061475952
1.1342386245727538,0.09184117781008588,0.020010852813720705,0.00685599798842313,,1,10,100,"{'max_depth': None, 'min_samples_leaf': 1, 'min_samples_split': 10, 'n_estimators': 100}",-1125405582.4340708,-1267885673.1022735,-1748381466.2796302,-655332019.5481384,-705214967.2937192,-1100443941.7315664,400702737.23384327,99,-296472171.5626566,-316610918.04764426,-257885261.96855178,-341576608.85535645,-343494500.1503221,-311207892.11690617,31794090.803301867,0.8345788541740047,0.7598731126345777,0.7600687160320512,0.8776005186010624,0.8596403422265378,0.8183523087336468,0.04958860033058058,93,0.9484746433820739,0.9483031063373809,0.9541738095798477,0.9441277230778826,0.944587348605032,0.9479333261964434,0.0036069814428372634
2.208163356781006,0.13665322054964948,0.03702688217163086,0.0059523652228788415,,1,10,200,"{'max_depth': None, 'min_samples_leaf': 1, 'min_samples_split': 10, 'n_estimators': 200}",-1083100906.1536143,-1288090892.9824307,-1721458598.1060762,-658576205.1378651,-710851620.9356768,-1092415644.6631324,391887322.56229615,87,-292741527.1776877,-306150175.62312216,-260142316.63961813,-344320413.45068127,-339372086.8263739,-308545303.9434966,31075695.27084828,0.8407971350616605,0.7560464138546439,0.7637633550187742,0.8769945866125441,0.8585184732747078,0.819223992764466,0.04982807842325455,80,0.949123010415435,0.9500111582646085,0.953772731145371,0.9436789142127677,0.9452523777461854,0.9483676383568735,0.00358261791036301
3.397580862045288,0.2931509553400859,0.06396622657775879,0.017352701770302306,,1,10,300,"{'max_depth': None, 'min_samples_leaf': 1, 'min_samples_split': 10, 'n_estimators': 300}",-1081789645.0914023,-1275974777.3199296,-1737467936.3880317,-645817415.7875295,-709606104.9133594,-1090131175.9000506,398965250.08546036,79,-290058599.6993577,-302510757.04753137,-256880674.48539388,-344705654.6371562,-331617360.80241686,-305154609.3343712,31079944.16797063,0.8409898747377149,0.7583411043008865,0.7615663853279204,0.8793776064455079,0.8587663696052616,0.8198082680834583,0.05036909635463885,76,0.9495892895753721,0.9506054101503497,0.9543523246952346,0.9436158996453339,0.9465033728265753,0.9489332593785729,0.003654350719817746
1.379163932800293,0.1102360392951814,0.03267688751220703,0.014622816056211047,,2,2,100,"{'max_depth': None, 'min_samples_leaf': 2, 'min_samples_split': 2, 'n_estimators': 100}",-1015217174.6943079,-1419680240.1691668,-1478283332.0594378,-635461682.9400399,-691795534.9023422,-1048087592.9530588,352543360.75182325,49,-239285391.47801888,-225682658.5520948,-227788783.47870663,-247804210.52507514,-249605475.14114392,-238033303.83500785,9883745.504466962,0.8507752307955161,0.7311244977696674,0.7971344213089988,0.8813117959742183,0.8623112256100768,0.8245314342916954,0.0544343844837006,54,0.9584134151128606,0.963150062946,0.9595219513996771,0.9594662365221074,0.9597335585454246,0.960057044905214,0.0016129663682250856
2.841927480697632,0.06194758918930453,0.033164262771606445,0.001555079131701313,,2,2,200,"{'max_depth': None, 'min_samples_leaf': 2, 'min_samples_split': 2, 'n_estimators': 200}",-1029739520.8406727,-1450122896.8724177,-1468990405.5779111,-632499659.1800317,-683506648.4098653,-1052971826.1761796,359065880.3546046,66,-227650153.39285937,-212495498.80950895,-228316400.50353867,-250146378.59295025,-249396637.66926578,-233601013.79362458,14366860.964339906,0.8486406197920611,0.7253589145216137,0.7984096943689889,0.8818650272543964,0.863960971184638,0.8236470454243395,0.0564565414153026,67,0.9604355603567545,0.9653032900018713,0.9594281938965755,0.9590831240387175,0.959767248278513,0.9608034833144863,0.002293838163305363
4.169879674911499,0.16099633664922175,0.06140360832214355,0.007824556465016529,,2,2,300,"{'max_depth': None, 'min_samples_leaf': 2, 'min_samples_split': 2, 'n_estimators': 300}",-1032570190.3290961,-1438679656.8925636,-1482663057.849807,-627228322.9094698,-676907027.2230772,-1051609651.0408026,362351845.0286477,60,-223677702.9809509,-207379847.34486184,-226939540.9756971,-246325451.41035515,-245080627.63844183,-229880634.07006136,14525037.747099457,0.8482245452696504,0.7275261679704317,0.7965333892959181,0.8828495798270619,0.8652745005539406,0.8240816365834005,0.05624103072081898,61,0.9611259520486349,0.9661385842848786,0.9596728617245197,0.9597081197091195,0.9604635085072811,0.9614218052548867,0.002418652013666974
1.3014347076416015,0.1753772800368647,0.020343589782714843,0.006511100950739623,,2,5,100,"{'max_depth': None, 'min_samples_leaf': 2, 'min_samples_split': 5, 'n_estimators': 100}",-1059353969.7026814,-1381374450.7143583,-1474021315.1361883,-646511851.781797,-684333967.2626424,-1049119110.9195335,342403578.38312274,51,-253369387.00148085,-245826467.97885236,-246684190.73732683,-271529329.7556033,-271926159.6405843,-257867107.02276954,11615312.145052904,0.8442876503913199,0.7383792922554762,0.7977193000739655,0.8792479033285723,0.8637963090653824,0.8246860910229433,0.0511212147247065,52,0.955965688271833,0.9598609395629004,0.9561642390415143,0.9555854777192713,0.9561327780132086,0.9567418245217455,0.0015730827494136674
2.488815116882324,0.20923270329550117,0.048264694213867185,0.01059501141193516,,2,5,200,"{'max_depth': None, 'min_samples_leaf': 2, 'min_samples_split': 5, 'n_estimators': 200}",-1040634181.4441583,-1411138160.3036268,-1469507012.1374753,-642560811.0671793,-682469852.5141469,-1049262003.4933174,348590591.2133054,54,-243390313.15357476,-231840644.31788847,-250247670.12558433,-274330938.52947044,-273637354.05530393,-254689384.03636438,16818317.17352522,0.8470392351281286,0.7327422958828995,0.7983388001862645,0.8799858580141815,0.8641673257344604,0.8244547029891869,0.0534117377962829,58,0.9577000005886345,0.9621445741357176,0.9555310090393109,0.9551272137246567,0.9558567275392407,0.9572719050055121,0.002590726423113878
3.670772743225098,0.18344867695650946,0.05772676467895508,0.012739404388001172,,2,5,300,"{'max_depth': None, 'min_samples_leaf': 2, 'min_samples_split': 5, 'n_estimators': 300}",-1046104306.0972681,-1386985433.6157582,-1473188120.3125298,-631556504.7491158,-676138220.0090953,-1042794516.9567534,348502665.24092704,40,-240904563.117873,-226170553.09947258,-247754866.2689427,-270667101.5515001,-272123371.8065028,-251524091.16885823,17666740.13113888,0.8462351922994344,0.7373166192655077,0.7978336398262973,0.8820411846979208,0.8654275170417534,0.825770830626183,0.05246413967796193,44,0.9581320113111838,0.9630703985026831,0.9559739800852036,0.9557265138784835,0.9561009636784926,0.9578007734912093,0.002771560814542964
1.1916544914245606,0.05600508929442977,0.022830629348754884,0.010392924995587244,,2,10,100,"{'max_depth': None, 'min_samples_leaf': 2, 'min_samples_split': 10, 'n_estimators': 100}",-1076034621.95769,-1264604176.7334895,-1508551386.6623623,-650736887.7314781,-698015064.2269889,-1039588427.4624016,328561882.1585555,34,-348142146.4319023,-354007829.4148966,-329380503.00680494,-387619506.8066673,-387232588.5388225,-361276514.8398187,22848947.370794427,0.8418357942318894,0.7604946004592718,0.7929807206754951,0.8784587732483888,0.8610733463136837,0.8269686469857458,0.04383919178658602,23,0.9394946643589348,0.9421968603425024,0.9414691109672019,0.9365964065944352,0.9375315050806273,0.9394577094687403,0.0021655191822953935
2.2340179920196532,0.13038754389406518,0.04673800468444824,0.010795032489183561,,2,10,200,"{'max_depth': None, 'min_samples_leaf': 2, 'min_samples_split': 10, 'n_estimators': 200}",-1096174457.929135,-1291120950.781188,-1513502664.510968,-651952470.16217,-702906368.3047502,-1051131382.3376424,332871007.60590935,58,-341158703.1326457,-344456494.7146814,-332964769.08146244,-394648516.1647978,-387560613.7281584,-360157819.3643492,25641689.88874696,0.8388754794839045,0.7554725463812678,0.7923012542807696,0.8782317331302866,0.8600998250495858,0.8249961676651628,0.04508085794737214,48,0.9407083513114696,0.9437564222722612,0.9408321871724882,0.9354466593718087,0.9374785879437955,0.9396444416143647,0.002890097789473131
3.2751489639282227,0.24840865660302044,0.0546018123626709,0.014977467745205135,,2,10,300,"{'max_depth': None, 'min_samples_leaf': 2, 'min_samples_split': 10, 'n_estimators': 300}",-1088138875.3742807,-1275126479.7282596,-1514095029.2261593,-640644300.541327,-696750129.7941029,-1042950962.9328257,334553378.9110472,43,-337060698.1419926,-340083475.1915454,-332238372.31866246,-396297539.6038082,-385973907.8353301,-358330798.6182677,27099120.299227946,0.8400566139072192,0.7585017647331075,0.7922199637675524,0.8803438138098126,0.8613251075103967,0.8264894527456177,0.04493240814070079,37,0.9414205637510132,0.9444704580568329,0.9409612678191236,0.9351769257546731,0.937734555886418,0.9399527542536121,0.0032034404578083833
1.077601432800293,0.11655758288877247,0.034038209915161134,0.014638918380850954,,4,2,100,"{'max_depth': None, 'min_samples_leaf': 4, 'min_samples_split': 2, 'n_estimators': 100}",-983927355.0513128,-1264100335.0857403,-1542444916.718602,-696512528.7078016,-697698097.0378882,-1036936646.520269,328914369.11966264,11,-449022188.3704035,-411722954.82888645,-410905150.2428659,-496481383.90188956,-483059003.8956078,-450238136.24793065,35348631.72398357,0.8553744596413853,0.7605900238315566,0.7883294941889183,0.8699090388403719,0.8611364326182163,0.8270678898240895,0.04408460392309362,16,0.9219622257859805,0.9327730138129814,0.9269821876755906,0.918789681000115,0.9220727546602533,0.9245159725869841,0.004889627768451731
2.101211929321289,0.0825833724494078,0.030682468414306642,0.001050471335283826,,4,2,200,"{'max_depth': None, 'min_samples_leaf': 4, 'min_samples_split': 2, 'n_estimators': 200}",-988682554.6150815,-1267105032.9088511,-1557063394.6139607,-690864847.8289742,-693118312.9137731,-1039366828.576128,335793086.5905638,24,-444109245.5471419,-401402213.6630692,-412854804.71339816,-498928880.59558064,-485765780.4316798,-448612184.99017394,38574104.296716616,0.8546755022408288,0.7600209593243665,0.7863233929811801,0.8709638830873412,0.8620479517466374,0.8268063378760708,0.044872499563395375,30,0.9228160702789654,0.9344582060415335,0.9266357342321557,0.918389339731156,0.9216360965346303,0.924787089363688,0.005508046079108105
3.0053754806518556,0.2039613017274411,0.05138163566589356,0.008226756527505989,,4,2,300,"{'max_depth': None, 'min_samples_leaf': 4, 'min_samples_split': 2, 'n_estimators': 300}",-993755087.6303421,-1262756100.665267,-1554506337.775665,-677398896.7181511,-682147894.9383715,-1034112863.5455593,339364123.3940575,4,-441127805.50026363,-397531381.09130627,-411822572.23146695,-495535819.4358809,-484908808.0852291,-446185277.26882935,38751936.680631585,0.8539299006224239,0.7608446105298099,0.7866742992005745,0.8734789828891862,0.8642314052807679,0.8278318397045525,0.0453231306323265,4,0.9233342294061465,0.9350902436891365,0.926819161861613,0.9189443486158794,0.9217743436095274,0.9251924654364606,0.0055639503479181516
0.935053825378418,0.06620667593319336,0.02101421356201172,0.002476022200613893,,4,5,100,"{'max_depth': None, 'min_samples_leaf': 4, 'min_samples_split': 5, 'n_estimators': 100}",-983927355.0513128,-1264100335.0857403,-1542444916.718602,-696512528.7078016,-697698097.0378882,-1036936646.520269,328914369.11966264,11,-449022188.3704035,-411722954.82888645,-410905150.2428659,-496481383.90188956,-483059003.8956078,-450238136.24793065,35348631.72398357,0.8553744596413853,0.7605900238315566,0.7883294941889183,0.8699090388403719,0.8611364326182163,0.8270678898240895,0.04408460392309362,16,0.9219622257859805,0.9327730138129814,0.9269821876755906,0.918789681000115,0.9220727546602533,0.9245159725869841,0.004889627768451731
1.9981200218200683,0.16845881012242914,0.039519453048706056,0.013596974327662494,,4,5,200,"{'max_depth': None, 'min_samples_leaf': 4, 'min_samples_split': 5, 'n_estimators': 200}",-988682554.6150815,-1267105032.9088511,-1557063394.6139607,-690864847.8289742,-693118312.9137731,-1039366828.576128,335793086.5905638,24,-444109245.5471419,-401402213.6630692,-412854804.71339816,-498928880.59558064,-485765780.4316798,-448612184.99017394,38574104.296716616,0.8546755022408288,0.7600209593243665,0.7863233929811801,0.8709638830873412,0.8620479517466374,0.8268063378760708,0.044872499563395375,30,0.9228160702789654,0.9344582060415335,0.9266357342321557,0.918389339731156,0.9216360965346303,0.924787089363688,0.005508046079108105
3.203886842727661,0.11792329414539843,0.050777864456176755,0.008119187891762879,,4,5,300,"{'max_depth': None, 'min_samples_leaf': 4, 'min_samples_split': 5, 'n_estimators': 300}",-993755087.6303421,-1262756100.665267,-1554506337.775665,-677398896.7181511,-682147894.9383715,-1034112863.5455593,339364123.3940575,4,-441127805.50026363,-397531381.09130627,-411822572.23146695,-495535819.4358809,-484908808.0852291,-446185277.26882935,38751936.680631585,0.8539299006224239,0.7608446105298099,0.7866742992005745,0.8734789828891862,0.8642314052807679,0.8278318397045525,0.0453231306323265,4,0.9233342294061465,0.9350902436891365,0.926819161861613,0.9189443486158794,0.9217743436095274,0.9251924654364606,0.0055639503479181516
1.0598696708679198,0.05448314351925132,0.015915393829345703,0.0014764416430320699,,4,10,100,"{'max_depth': None, 'min_samples_leaf': 4, 'min_samples_split': 10, 'n_estimators': 100}",-980719158.3092133,-1242306123.5537174,-1557650822.882239,-705085659.0622438,-701626574.7630699,-1037477667.7140967,328340293.0257268,19,-478786254.6472279,-447048904.49073553,-435244151.6535678,-544531887.3604022,-518922280.2448253,-484906695.6793517,41591498.90916267,0.8558460261498484,0.7647176642716944,0.786242779899101,0.8683077944664547,0.8603545436699525,0.8270937616914102,0.042874582376051164,13,0.9167893823409126,0.9270049187818276,0.9226571490721082,0.9109299770102026,0.9162872785337042,0.918733741147751,0.0055582363102247125
2.033253717422485,0.1896867408872446,0.03479137420654297,0.008373573706586614,,4,10,200,"{'max_depth': None, 'min_samples_leaf': 4, 'min_samples_split': 10, 'n_estimators': 200}",-987761867.5052406,-1242167366.0038185,-1569049433.2259057,-700233321.2789236,-697975558.3158239,-1039437509.2659423,333440939.85577357,30,-475196865.1632442,-437017642.8843648,-436725434.475359,-540561863.9938337,-519198862.77492034,-481740133.85834444,42266750.603405416,0.8548108322223343,0.7647439437851099,0.7846785427643835,0.8692140886967601,0.8610812092156758,0.8269057233368526,0.04332176896787807,25,0.9174131999904008,0.9286428441817609,0.9223939252331833,0.9115793606013903,0.9162426601444276,0.9192543980302326,0.005820074347412027
2.635384225845337,0.1465737568341604,0.03886270523071289,0.0035832751215353277,,4,10,300,"{'max_depth': None, 'min_samples_leaf': 4, 'min_samples_split': 10, 'n_estimators': 300}",-992346906.3215424,-1234985441.2317286,-1565202235.0406291,-685634940.4040956,-688078603.6972466,-1033249625.3390484,336250785.6255222,1,-472855670.0456599,-434220630.2644332,-435054182.06062627,-535810319.8024751,-518804263.41837144,-479349013.1183132,41917448.46819234,0.8541368864142739,0.7661041399584723,0.7852064957415086,0.8719406977972511,0.8630510102376164,0.8280878460298243,0.043600087122382294,1,0.9178200878028719,0.9290995462591158,0.9226909066535757,0.9123565789061123,0.9163063170489065,0.9196546873341165,0.005766519114731559
