mean_fit_time,std_fit_time,mean_score_time,std_score_time,param_stacking__final_estimator__fit_intercept,param_stacking__gbr__n_estimators,param_stacking__lasso__alpha,param_stacking__ridge__alpha,params,split0_test_neg_mean_squared_error,split1_test_neg_mean_squared_error,split2_test_neg_mean_squared_error,split3_test_neg_mean_squared_error,split4_test_neg_mean_squared_error,mean_test_neg_mean_squared_error,std_test_neg_mean_squared_error,rank_test_neg_mean_squared_error,split0_train_neg_mean_squared_error,split1_train_neg_mean_squared_error,split2_train_neg_mean_squared_error,split3_train_neg_mean_squared_error,split4_train_neg_mean_squared_error,mean_train_neg_mean_squared_error,std_train_neg_mean_squared_error,split0_test_r2,split1_test_r2,split2_test_r2,split3_test_r2,split4_test_r2,mean_test_r2,std_test_r2,rank_test_r2,split0_train_r2,split1_train_r2,split2_train_r2,split3_train_r2,split4_train_r2,mean_train_r2,std_train_r2
8.662754678726197,0.27629553853284083,0.2472740650177002,0.10479351417538527,True,100,0.001,0.01,"{'stacking__final_estimator__fit_intercept': True, 'stacking__gbr__n_estimators': 100, 'stacking__lasso__alpha': 0.001, 'stacking__ridge__alpha': 0.01}",-882081463.4234344,-1316222293.3982022,-1433220700.2403698,-962024910.9275352,-493798413.2272039,-1017469556.2433493,333987341.7037821,87,-278142145.5901702,-273546154.31759953,-366695915.74295884,-295582331.41863286,-260617983.4719606,-294916906.1082643,37595709.1475344,0.8703445862816988,0.7507185631166975,0.8033183893502127,0.8203180270794935,0.9017187956806624,0.8292836723017529,0.05264959800426019,95,0.9516603087349808,0.9553348111341906,0.9348381651093416,0.9516510866196336,0.9579570168981707,0.9502882776992635,0.008083597676386032
8.439040040969848,0.456118076742759,0.1559056282043457,0.1070261898784597,True,100,0.001,0.1,"{'stacking__final_estimator__fit_intercept': True, 'stacking__gbr__n_estimators': 100, 'stacking__lasso__alpha': 0.001, 'stacking__ridge__alpha': 0.1}",-866680286.0711018,-1307140564.9409263,-1460633636.262637,-781227497.4843901,-470052012.28139436,-977146799.4080899,360662654.9196147,55,-301605857.02480996,-280164465.2534049,-377856331.81526023,-316517261.5066131,-278034465.1155198,-310835676.1431216,36402969.335595414,0.8726083749499423,0.7524385661363765,0.7995564981016459,0.8540864207846705,0.9064450662005521,0.8370269852346374,0.05465376044130017,62,0.9475824349403591,0.954254159466256,0.9328549600661632,0.9482267238825584,0.9551473840644017,0.9476131324839476,0.007988107111375101
8.785970306396484,1.0817998788126602,0.045817232131958006,0.02487090951718306,True,100,0.001,1.0,"{'stacking__final_estimator__fit_intercept': True, 'stacking__gbr__n_estimators': 100, 'stacking__lasso__alpha': 0.001, 'stacking__ridge__alpha': 1.0}",-863275201.1932483,-1296369591.310321,-1613377230.1521258,-670992584.2240454,-453134103.2191481,-979429742.0197777,421414936.34229916,57,-317920054.08989984,-287592531.12730265,-450309388.8630945,-329899185.84744143,-297098553.06542003,-336563942.5986317,58797544.5400277,0.8731088816569652,0.7544784979903929,0.7785954164918258,0.8746755203748697,0.9098122549817714,0.8381341142991652,0.06039765432205371,48,0.9447471104062444,0.9530412893164527,0.9199800576252432,0.9460378193641047,0.9520719588122696,0.9431756471048628,0.012043024175834341
6.729707336425781,1.7918040339828287,0.0796576976776123,0.044004579880748816,True,100,0.001,10.0,"{'stacking__final_estimator__fit_intercept': True, 'stacking__gbr__n_estimators': 100, 'stacking__lasso__alpha': 0.001, 'stacking__ridge__alpha': 10.0}",-867651766.5324845,-1315654981.5858123,-1815943281.9288554,-667335662.7809045,-463450374.61070794,-1026007213.4877529,485404315.51904535,89,-326647191.1279413,-274051013.3349462,-530468274.36233777,-326886175.4322185,-306838604.2037697,-352978251.69224274,90813220.80677542,0.8724655789539228,0.7508260072045714,0.7507971734719382,0.875358541003811,0.9077589969127118,0.831441259509391,0.06699015891770249,85,0.9432303783441137,0.9552523766966945,0.9057358300849991,0.9465306626909726,0.9505006903987656,0.940249987643109,0.017718381777315287
6.809508228302002,0.42007799670647916,0.05076165199279785,0.034961086477735694,True,100,0.01,0.01,"{'stacking__final_estimator__fit_intercept': True, 'stacking__gbr__n_estimators': 100, 'stacking__lasso__alpha': 0.01, 'stacking__ridge__alpha': 0.01}",-882070670.9909335,-1316222194.2539198,-1433773754.9471385,-793518259.3958043,-493827159.0809074,-983882407.7337408,346297630.2099017,64,-278141847.30135655,-273538162.0064238,-366854996.41258913,-295558289.08362716,-260609814.3647546,-294940621.83375025,37658803.05538372,0.8703461726400555,0.750718581893791,0.8032424933695821,0.8517908166648043,0.9017130743639358,0.8355622277864336,0.053089045763914725,69,0.9516603605760605,0.9553361161354947,0.9348098964870752,0.9516550192659696,0.9579583347413665,0.9502839454411933,0.008094951920127649
7.735009288787841,0.8220280717804304,0.03281526565551758,0.01438273099238822,True,100,0.01,0.1,"{'stacking__final_estimator__fit_intercept': True, 'stacking__gbr__n_estimators': 100, 'stacking__lasso__alpha': 0.01, 'stacking__ridge__alpha': 0.1}",-866631718.7007635,-1307088868.099303,-1463176698.7941494,-714617710.0099927,-470063393.1976432,-964315677.7603705,369467814.5857085,32,-301710835.2830758,-280171647.31862617,-378932660.3241464,-316517485.118969,-277985308.9198749,-311063587.3929385,36801941.52832865,0.8726155137718714,0.7524483570835644,0.7992075123281379,0.8665274479277991,0.9064428010451258,0.8394483264312997,0.055695455024771,37,0.9475641902526174,0.9542529867636079,0.9326636965762439,0.9482266873058984,0.95515531395886,0.9475725749714454,0.008060129285769803
6.68200101852417,0.6476036942660695,0.040707874298095706,0.014267744363689577,True,100,0.01,1.0,"{'stacking__final_estimator__fit_intercept': True, 'stacking__gbr__n_estimators': 100, 'stacking__lasso__alpha': 0.01, 'stacking__ridge__alpha': 1.0}",-863272124.3241538,-1296387155.030424,-1618434196.154061,-667325584.1711693,-453135376.7583763,-979710887.287637,423479788.2434438,58,-317917046.1790211,-287577708.51098233,-452909949.80116916,-329892695.8854033,-297086503.57818884,-337076780.790953,59808711.702243835,0.8731093339198819,0.7544751715694635,0.7779014464576957,0.8753604234337367,0.9098120015079535,0.8381316753777461,0.060619430116467504,49,0.9447476331658676,0.9530437095842831,0.9195179381546007,0.9460388809384245,0.9520739026397111,0.9430844128965774,0.012221885543518655
6.274969959259034,0.30061021064696253,0.030758428573608398,0.012832570096520063,True,100,0.01,10.0,"{'stacking__final_estimator__fit_intercept': True, 'stacking__gbr__n_estimators': 100, 'stacking__lasso__alpha': 0.01, 'stacking__ridge__alpha': 10.0}",-867649784.456298,-1315667353.3703012,-1817236396.0572472,-667900024.1755528,-463449585.678276,-1026380628.747535,485743726.2105911,90,-326642750.7108302,-274048290.24560606,-531134262.1097412,-326883137.4472969,-306830452.9199342,-353107778.6866817,91075300.6106092,0.8724658702953902,0.7508236640925988,0.7506197187578921,0.8752531325391457,0.9077591539347424,0.831384307923954,0.0670197311854554,86,0.9432311500660395,0.9552528213284239,0.9056174841155666,0.9465311596194227,0.950502005366689,0.9402269240992283,0.017764779636864025
5.794451427459717,0.2831181087605459,0.038792896270751956,0.034690502196119605,True,100,0.1,0.01,"{'stacking__final_estimator__fit_intercept': True, 'stacking__gbr__n_estimators': 100, 'stacking__lasso__alpha': 0.1, 'stacking__ridge__alpha': 0.01}",-881948225.165769,-1316306486.1375337,-1434125102.710602,-748413962.2516891,-494061974.73049337,-974971150.1992174,351734906.6298164,53,-278120174.69875455,-273447428.330798,-366978822.5721557,-294906079.22637206,-260581817.05857533,-294806864.37733114,37722211.96559901,0.870364170710277,0.7507026177196768,0.803194277736076,0.8602151609889378,0.9016663387645167,0.837228513183897,0.05370968424963934,61,0.9516641271642432,0.9553509313200417,0.9347878925884268,0.9517617023608045,0.9579628512764686,0.9503055009419971,0.008109919095074051
6.035178375244141,0.33759665567717245,0.03592119216918945,0.023869910282519582,True,100,0.1,0.1,"{'stacking__final_estimator__fit_intercept': True, 'stacking__gbr__n_estimators': 100, 'stacking__lasso__alpha': 0.1, 'stacking__ridge__alpha': 0.1}",-866151949.495468,-1306727810.2692676,-1467765784.043237,-694163807.9894984,-470115701.58977765,-960985010.6774498,373498160.1089923,19,-302501020.710581,-280105639.4444357,-380841543.96707183,-316291036.6396136,-277574184.4441508,-311462685.0411706,37546625.02506018,0.8726860341006406,0.7525167384011584,0.7985777498093238,0.8703477205914474,0.9064323900522241,0.8401121265909589,0.056163483558881865,31,0.9474268600413808,0.9542637646675222,0.932324488105613,0.9482637278754782,0.9552216367012715,0.947500095478253,0.008200694809057033
5.835914134979248,0.42655161071120085,0.025206804275512695,0.01051825022590952,True,100,0.1,1.0,"{'stacking__final_estimator__fit_intercept': True, 'stacking__gbr__n_estimators': 100, 'stacking__lasso__alpha': 0.1, 'stacking__ridge__alpha': 1.0}",-863232788.6343563,-1296582474.1422613,-1623475438.1121738,-665906906.1033872,-453125159.51813257,-980464553.302062,425245852.2208737,59,-317886098.2672313,-287415399.58789593,-455505614.51384354,-329826469.7883908,-297002446.79375404,-337527205.7902231,60856270.962389365,0.873115115795305,0.7544381797717302,0.7772096342421517,0.8756253966909389,0.9098140350557518,0.8380404723111756,0.060801374397708684,52,0.944753011755646,0.9530702117251095,0.91905668874282,0.9460497136557002,0.9520874627092064,0.9430034177176964,0.012406829102000074
6.293993663787842,0.5774210570057415,0.02621016502380371,0.00982643555523698,True,100,0.1,10.0,"{'stacking__final_estimator__fit_intercept': True, 'stacking__gbr__n_estimators': 100, 'stacking__lasso__alpha': 0.1, 'stacking__ridge__alpha': 10.0}",-867636320.7305585,-1315796080.4381492,-1818621416.11398,-668144427.2909254,-463443692.3621043,-1026728387.3871435,486176323.9551662,92,-326604890.9731635,-274011191.5496759,-531847441.2383081,-326856982.76988375,-306775934.048467,-353219288.1158996,91369822.2226875,0.872467849301869,0.7507992842681575,0.7504296517462345,0.8752074842056575,0.9077603268875005,0.8313329192818838,0.06706595800371978,88,0.9432377298960264,0.9552588788811778,0.905490752241477,0.9465354377852613,0.950510800369863,0.9402067198347611,0.017816731835322185
7.302442264556885,0.24584607223822652,0.06673011779785157,0.03791551564509191,True,100,1.0,0.01,"{'stacking__final_estimator__fit_intercept': True, 'stacking__gbr__n_estimators': 100, 'stacking__lasso__alpha': 1.0, 'stacking__ridge__alpha': 0.01}",-882563841.9071522,-1314894495.5206387,-1436266370.3938594,-687768048.0591568,-495429544.8138666,-963384460.1389347,360181839.5578496,30,-277604497.74209446,-274713374.025612,-374549503.67346597,-292434685.85659474,-261465231.09957534,-296153458.47946846,40414807.82204523,0.870273682420243,0.7509700368719057,0.8029004304753542,0.8715422871245548,0.9013941498890876,0.839416117356229,0.05473876352956601,38,0.9517537491984177,0.95514422505618,0.933442583162403,0.9521659524504181,0.9578203386182749,0.9500653696971387,0.008596678662704036
6.665759468078614,0.2546742940114485,0.02620840072631836,0.0036792276432726146,True,100,1.0,0.1,"{'stacking__final_estimator__fit_intercept': True, 'stacking__gbr__n_estimators': 100, 'stacking__lasso__alpha': 1.0, 'stacking__ridge__alpha': 0.1}",-864656755.6332157,-1312662268.9559014,-1504122921.7641103,-703750255.0643466,-471806359.79349726,-971399712.2422142,382851918.9196414,50,-300001250.5007987,-276075564.1697423,-389576049.61139536,-308274793.49297357,-273771402.70906144,-309539812.09679425,42184401.724651515,0.8729058096960227,0.7513928018169289,0.7935884411813099,0.8685572142291476,0.9060958966170427,0.8385080327080903,0.05702826119692799,47,0.9478613073989287,0.954921803797104,0.9307723671514055,0.9495749586370488,0.955835102764121,0.9477931079497216,0.009037447044819402
6.125833797454834,0.5351908991817311,0.04201517105102539,0.01780791388788853,True,100,1.0,1.0,"{'stacking__final_estimator__fit_intercept': True, 'stacking__gbr__n_estimators': 100, 'stacking__lasso__alpha': 1.0, 'stacking__ridge__alpha': 1.0}",-862926887.2234075,-1298260830.1037064,-1635694734.4399452,-667184018.1930627,-453113697.8714398,-983436033.5663124,429030450.3638346,63,-317386370.4691289,-286002547.86249715,-459972547.06829077,-328722306.9612033,-296265976.40407217,-337669949.7530385,62981296.64805943,0.8731600796400725,0.7541203132625781,0.7755327739495602,0.8753868643854787,0.9098163162790409,0.8376032695033462,0.06120255111502388,57,0.9448398619071237,0.9533009051132573,0.9182629151852639,0.946230323479817,0.9522062703668204,0.9429680552104565,0.012779690173274289
6.197142219543457,0.47032123366844353,0.10282711982727051,0.14566964847911823,True,100,1.0,10.0,"{'stacking__final_estimator__fit_intercept': True, 'stacking__gbr__n_estimators': 100, 'stacking__lasso__alpha': 1.0, 'stacking__ridge__alpha': 10.0}",-867586732.931577,-1315008008.334071,-1819078269.4454143,-667894762.8991221,-463408413.58913815,-1026595237.4398645,486279840.4072224,91,-326446121.97223026,-273670100.7078902,-532221106.95333135,-326438938.3575386,-306396951.0446196,-353034643.80712205,91647012.72178242,0.872475138114591,0.7509485384993444,0.7503669575296061,0.8752541152127943,0.9077673484578441,0.8313624195628361,0.06705386919614019,87,0.943265323141456,0.9553145729080478,0.9054243518738119,0.9466038180331083,0.9505719380389309,0.940236000799071,0.01786489141611337
9.566201114654541,0.4622800606556371,0.030939531326293946,0.01056569506111591,True,200,0.001,0.01,"{'stacking__final_estimator__fit_intercept': True, 'stacking__gbr__n_estimators': 200, 'stacking__lasso__alpha': 0.001, 'stacking__ridge__alpha': 0.01}",-906975030.3012792,-1298599393.0817704,-1376211620.0561957,-933478096.5547354,-500786692.1034112,-1003210166.4194782,313986620.79088295,80,-173618779.59484214,-197271778.32298523,-306700748.1229823,-201100035.13211143,-152425541.99136063,-206223376.63285634,53215314.86729046,0.866685530008206,0.7540561922808331,0.8111417746183753,0.825649851514429,0.9003279113730673,0.8315722519589821,0.04984275621641493,84,0.9698259385120646,0.9677890509604458,0.945499301595603,0.9671057193008588,0.9754106589236218,0.9651261338585189,0.010237988574794491
8.713605308532715,0.2696318295585766,0.023907184600830078,0.004691833612349596,True,200,0.001,0.1,"{'stacking__final_estimator__fit_intercept': True, 'stacking__gbr__n_estimators': 200, 'stacking__lasso__alpha': 0.001, 'stacking__ridge__alpha': 0.1}",-886268151.9146487,-1289967744.7332547,-1403535161.563656,-757515186.6277521,-479499569.62972105,-963357162.8938065,341427283.04828537,29,-199658222.25599048,-204326471.1359303,-319839071.58833885,-226557116.85416183,-169420600.39707246,-223960296.44629878,51283797.34454125,0.8697291932018677,0.7556909539117382,0.8073921510248545,0.8585152819802887,0.9045647091779337,0.8391784578593364,0.05208292364322275,41,0.9653004157212547,0.966637145945855,0.9431646225669177,0.9629416603965628,0.9726690102321268,0.9621425709725434,0.010017785990203155
10.16517505645752,0.7520327060036531,0.04954872131347656,0.022093993012157535,True,200,0.001,1.0,"{'stacking__final_estimator__fit_intercept': True, 'stacking__gbr__n_estimators': 200, 'stacking__lasso__alpha': 0.001, 'stacking__ridge__alpha': 1.0}",-879679302.2956682,-1280532218.5004716,-1555199973.3059144,-637313273.0189663,-463181379.25632656,-963181229.2754694,403574080.0370531,25,-215133042.55172637,-211505321.07331863,-401865315.274318,-241950574.64818618,-185805585.73027605,-251251967.85556507,77380227.40352541,0.8706976752057418,0.7574779632557189,0.786579111241546,0.8809659656795529,0.9078125353338098,0.840706650143274,0.05810383582438834,19,0.9626109706035783,0.9654649682960078,0.9285885656262853,0.9604237258707216,0.9700257787393863,0.9574228018271957,0.014770560491859666
9.074800825119018,0.5620631020323691,0.045096731185913085,0.016469816272320983,True,200,0.001,10.0,"{'stacking__final_estimator__fit_intercept': True, 'stacking__gbr__n_estimators': 200, 'stacking__lasso__alpha': 0.001, 'stacking__ridge__alpha': 10.0}",-883194725.9460684,-1295878955.7043843,-1729703661.55026,-627243966.670065,-471360942.9563126,-1001476450.565418,458704845.32865655,72,-217801649.3175776,-200154716.90816772,-476505604.1240219,-240805149.09787226,-188786739.09371436,-264810771.70827073,107294816.77479304,0.8701809500202711,0.7545714202493816,0.7626318807400119,0.8828466579674139,0.906184548386692,0.835283091472754,0.06371772480874771,70,0.9621471803106858,0.967318318711561,0.9153249922691588,0.9606110851098547,0.9695448580492128,0.9549892868900945,0.020099582078458873
9.929148864746093,0.26265378937835027,0.04391570091247558,0.03876784755195087,True,200,0.01,0.01,"{'stacking__final_estimator__fit_intercept': True, 'stacking__gbr__n_estimators': 200, 'stacking__lasso__alpha': 0.01, 'stacking__ridge__alpha': 0.01}",-906964897.6846364,-1298594679.6653903,-1376930032.568657,-758816710.0273123,-500813609.4917737,-968423985.8875538,329321050.32446676,46,-173619405.69563824,-197264935.20286518,-306969960.02364224,-201076125.87488386,-152412374.30686638,-206268560.22077918,53320267.46473836,0.8666870193815319,0.7540570849622699,0.8110431865013894,0.8582721902582566,0.9003225539776717,0.838076407016224,0.050776098908901925,51,0.9698258296989283,0.9677901683194281,0.9454514626623935,0.9671096301794324,0.975412783139032,0.9651179747998428,0.010256958472189341
10.187036991119385,0.4468770460377085,0.0688295841217041,0.05047176070873583,True,200,0.01,0.1,"{'stacking__final_estimator__fit_intercept': True, 'stacking__gbr__n_estimators': 200, 'stacking__lasso__alpha': 0.01, 'stacking__ridge__alpha': 0.1}",-886193738.2261811,-1289917800.8284662,-1406217028.3534389,-683916249.1528375,-479521384.33378214,-949153240.1789411,352106924.83232284,6,-199769007.22569194,-204337041.7976576,-321144359.99095076,-226562745.67182502,-169371155.53838196,-224236862.04490146,51771415.68200663,0.8697401311230968,0.7557004128674266,0.8070241170719021,0.872261705945127,0.9045603673750248,0.8418573468765155,0.053422681819276785,6,0.9652811618565776,0.9666354199460739,0.942932672922201,0.9629407396811184,0.9726769866938073,0.9620933962199556,0.010105993517068453
9.09455828666687,0.4494915691432101,0.05340776443481445,0.05607544081070975,True,200,0.01,1.0,"{'stacking__final_estimator__fit_intercept': True, 'stacking__gbr__n_estimators': 200, 'stacking__lasso__alpha': 0.01, 'stacking__ridge__alpha': 1.0}",-879676284.8792988,-1280547039.6979778,-1560136509.8988762,-632890166.428994,-463184429.8190029,-963286886.14483,405743433.7790342,27,-215129812.14400512,-211491051.3367303,-404687785.4764227,-241943941.17126492,-185794368.97040525,-251809391.81976566,78483213.1730548,0.8706981187298197,0.7574751562455132,0.7859016677968814,0.8817920903562597,0.9078119281771936,0.8407357922611336,0.058346693729136805,18,0.9626115320320219,0.9654672982884779,0.9280870128971782,0.9604248109200192,0.9700275882309626,0.9573236484737319,0.01496708988775747
11.545169258117676,0.7087755138802885,0.10144309997558594,0.1236929278853467,True,200,0.01,10.0,"{'stacking__final_estimator__fit_intercept': True, 'stacking__gbr__n_estimators': 200, 'stacking__lasso__alpha': 0.01, 'stacking__ridge__alpha': 10.0}",-883193231.5843699,-1295887176.995314,-1730737126.8072636,-627510043.3654957,-471360452.978147,-1001737606.346118,458990900.3983561,74,-217798436.12934408,-200153626.46925017,-477060429.7945456,-240802838.32022616,-188780716.24846476,-264919209.39236617,107515129.0655555,0.8701811696735484,0.7545698632059961,0.7624900577735532,0.8827969615561879,0.9061846459075485,0.835244539623367,0.06374310578381577,71,0.96214773874647,0.9673184967607108,0.9152263997918946,0.9606114630877525,0.9695458296566885,0.9549699856087033,0.02013871882327084
11.045823431015014,0.7145992490363191,0.044141960144042966,0.02122366795505033,True,200,0.1,0.01,"{'stacking__final_estimator__fit_intercept': True, 'stacking__gbr__n_estimators': 200, 'stacking__lasso__alpha': 0.1, 'stacking__ridge__alpha': 0.01}",-906864186.2169901,-1298619346.759192,-1377348115.2557337,-711527796.4025416,-501014502.562417,-959074789.4393747,335877289.7232597,15,-173601736.48376,-197179630.28204438,-307144163.02409774,-200394217.80338153,-152355539.6166368,-206135057.44198412,53416570.15565373,0.8667018227614296,0.75405241322208,0.8109858128001407,0.8671045658036818,0.9002825700239098,0.8398254369222483,0.0515951382309467,33,0.9698289005181502,0.967804097085523,0.9454205068031494,0.9672211710625569,0.9754219517308885,0.9651393254400535,0.010276102523852408
13.723825931549072,1.7393656079717381,0.3298347473144531,0.398469211469748,True,200,0.1,0.1,"{'stacking__final_estimator__fit_intercept': True, 'stacking__gbr__n_estimators': 200, 'stacking__lasso__alpha': 0.1, 'stacking__ridge__alpha': 0.1}",-885534903.006352,-1289586975.7022355,-1410962191.0501873,-661468022.9411051,-479643974.9996781,-945439213.5399115,356747163.2819877,1,-200602542.4362195,-204274032.34601843,-323419600.0139872,-226350347.56646577,-168986065.3813493,-224726517.548808,52631225.872937396,0.8698369720119956,0.7557630683650864,0.806372935965018,0.87645446803317,0.9045359680291382,0.8425926824808816,0.053994618958797154,1,0.9651362976733739,0.9666457082612755,0.9425283629521339,0.962975482006713,0.9727391095709361,0.9620049920928864,0.010264926035639617
12.043378925323486,0.3384300305003894,0.21309890747070312,0.2952134417251794,True,200,0.1,1.0,"{'stacking__final_estimator__fit_intercept': True, 'stacking__gbr__n_estimators': 200, 'stacking__lasso__alpha': 0.1, 'stacking__ridge__alpha': 1.0}",-879640557.9841758,-1280724811.1787977,-1565105609.367227,-631186282.8526661,-463186048.38232934,-963968661.9530392,407514086.7828198,31,-215097035.6327111,-211324613.86108634,-407524947.0770478,-241874215.46492893,-185720126.29202342,-252308187.66555953,79623367.49092147,0.8707033701556348,0.7574414878215714,0.7852197557321517,0.8821103328041879,0.9078116060328757,0.8406573105092845,0.0585303575765331,20,0.9626172284231004,0.9654944745480109,0.9275828495077293,0.9604362160744472,0.97003956508548,0.9572340667277535,0.015169983509895747
12.543778610229491,0.17064177943035572,0.05385570526123047,0.028374616677489386,True,200,0.1,10.0,"{'stacking__final_estimator__fit_intercept': True, 'stacking__gbr__n_estimators': 200, 'stacking__lasso__alpha': 0.1, 'stacking__ridge__alpha': 10.0}",-883182610.9726877,-1295977077.78829,-1731842558.6427307,-627621120.1733513,-471355627.51608604,-1001995799.0186291,459337185.5679093,78,-217770536.26144296,-200131141.0467603,-477656292.3156254,-240782464.7267601,-188743091.82180503,-265016705.23447877,107761675.40702,0.8701827307763021,0.7545528367516027,0.7623383587966777,0.8827762152119357,0.9061856063242085,0.8352071495721454,0.06377935003580483,73,0.9621525876017121,0.967322168227578,0.9151205150695696,0.9606147956316871,0.9695518992421913,0.9549523931545476,0.020182373631598215
10.577402114868164,0.960661463266418,0.18106555938720703,0.13595538593595133,True,200,1.0,0.01,"{'stacking__final_estimator__fit_intercept': True, 'stacking__gbr__n_estimators': 200, 'stacking__lasso__alpha': 1.0, 'stacking__ridge__alpha': 0.01}",-907502135.0148202,-1298498577.4895608,-1380364701.2397184,-647215635.726856,-501912634.0204781,-947098736.6982868,346666893.5069303,3,-172937574.43367788,-198157614.14505035,-315573575.3693487,-197600657.95130926,-152982579.97385833,-207450400.3746489,56624858.297913946,0.8666080519264858,0.7540752859064406,0.8105718451607575,0.8791164542503607,0.9001038139992428,0.8420950902486574,0.053061623893829256,3,0.9699443285068959,0.9676444098325333,0.9439226009037787,0.9676781184811069,0.9753207973639042,0.9649020510176438,0.010856696064805256
8.2643479347229,0.6336209536055672,0.12896199226379396,0.12191773278518869,True,200,1.0,0.1,"{'stacking__final_estimator__fit_intercept': True, 'stacking__gbr__n_estimators': 200, 'stacking__lasso__alpha': 1.0, 'stacking__ridge__alpha': 0.1}",-884460224.3230377,-1295232540.4479327,-1446370459.182522,-670797628.8717011,-481545455.6353453,-955681261.6921078,365268898.8776563,13,-198375532.79406685,-200102688.92560044,-334107001.03915244,-217510504.5284901,-165596569.63093826,-223138459.38364965,57966558.36461393,0.8699949369110181,0.7546938458645378,0.8015138411965577,0.874711933114231,0.904157514389237,0.8410144142951163,0.05472472999375015,14,0.965523340630555,0.967326813949498,0.9406292126449889,0.96442143042754,0.9732859041960031,0.9622373403697171,0.011229004718191906
8.470850372314453,0.4118592214157404,0.029879331588745117,0.013340427595324457,True,200,1.0,1.0,"{'stacking__final_estimator__fit_intercept': True, 'stacking__gbr__n_estimators': 200, 'stacking__lasso__alpha': 1.0, 'stacking__ridge__alpha': 1.0}",-879419026.2207133,-1282326370.1171558,-1576870126.863842,-632506068.6664827,-463239780.2396179,-966872274.4215624,411023888.80530334,44,-214653326.3097771,-209953102.97443697,-412472320.6070217,-240752833.14498103,-185103185.20783266,-252586953.64880985,81870680.08130623,0.8707359326724029,0.7571381660229591,0.7836053049714533,0.8818638301240957,0.9078009117262453,0.8402288291034313,0.05889044880864864,26,0.9626943428483038,0.9657184177174425,0.9267037016272589,0.9606196425207886,0.9701390902342509,0.9571750389896089,0.015568470406450796
9.100727701187134,0.6231707938031573,0.028574752807617187,0.006107194893128853,True,200,1.0,10.0,"{'stacking__final_estimator__fit_intercept': True, 'stacking__gbr__n_estimators': 200, 'stacking__lasso__alpha': 1.0, 'stacking__ridge__alpha': 10.0}",-883153187.680073,-1295445149.3191555,-1732225786.0140052,-627460917.1778054,-471328394.02393574,-1001922686.8429949,459424894.20605105,77,-217676784.78197113,-199931624.93234766,-477992340.08405066,-240482445.01055267,-188500718.51806557,-264916782.66539755,107974379.37889282,0.8701870556480233,0.754653579531732,0.762285768308266,0.8828061370881579,0.9061910266340651,0.835224713442049,0.06377205060778385,72,0.9621688811323587,0.9673547456365138,0.9150607994080053,0.960663870375775,0.9695909989872576,0.9549678591079822,0.020219514604735048
13.141759634017944,0.4074035298332338,0.061028575897216795,0.054641341206467145,True,300,0.001,0.01,"{'stacking__final_estimator__fit_intercept': True, 'stacking__gbr__n_estimators': 300, 'stacking__lasso__alpha': 0.001, 'stacking__ridge__alpha': 0.01}",-928207923.150685,-1286649945.4013484,-1370543344.7276776,-909205310.2531358,-517695034.44762164,-1002460311.5960935,305108555.6440098,79,-123487974.71689574,-153902238.33359918,-277534013.74627674,-150100150.62475768,-105841427.7213523,-162173161.0285763,60319316.80574245,0.8635645489866328,0.7563193172124485,0.8119196349444454,0.8301833953773881,0.8969626266655444,0.8317899046372919,0.04764520915269134,83,0.9785384176134427,0.9748705202630635,0.95068222796091,0.9754478586520856,0.9829256243261468,0.9724929297631297,0.011273688780723046
14.353233528137206,1.6899469803999083,0.05494756698608398,0.01584093260828596,True,300,0.001,0.1,"{'stacking__final_estimator__fit_intercept': True, 'stacking__gbr__n_estimators': 300, 'stacking__lasso__alpha': 0.001, 'stacking__ridge__alpha': 0.1}",-902176635.4626296,-1278051349.2534678,-1397140563.9312994,-744695607.3193078,-494246386.3537078,-963262108.4640827,334311614.59230566,26,-150085153.71625897,-161236222.22786987,-291647276.29665464,-175886938.48397225,-123172111.59966551,-180405540.46488425,58236750.50800051,0.867390836596981,0.7579478190344233,0.8082696849326318,0.860909655843156,0.9016296351301297,0.8392295263074644,0.05044222181895324,40,0.9739159630817081,0.9736730120158955,0.9481743023348147,0.9712298691444609,0.9801298324174988,0.9694245957988757,0.011024132579428083
15.677722787857055,0.5314521662399937,0.04086322784423828,0.02569716091085846,True,300,0.001,1.0,"{'stacking__final_estimator__fit_intercept': True, 'stacking__gbr__n_estimators': 300, 'stacking__lasso__alpha': 0.001, 'stacking__ridge__alpha': 1.0}",-892823309.6724544,-1267796342.445395,-1541515299.0928998,-627972315.2003556,-476434935.0056121,-961308440.2833436,395342973.80927205,20,-165424071.65675637,-169390577.46388286,-377014568.05332893,-191129838.30226454,-139204605.96932894,-208432732.28911233,85890387.9447376,0.8687656634981842,0.7598900311099873,0.7884570660917529,0.8827106208446639,0.905174666548367,0.8409996096185912,0.05651315376724087,16,0.9712501371026576,0.9723415518182408,0.9330045414193145,0.9687365616472126,0.9775434648887344,0.964575251375232,0.016044128608792764
11.65951976776123,1.0644833267521148,0.0476686954498291,0.021769374858894214,True,300,0.001,10.0,"{'stacking__final_estimator__fit_intercept': True, 'stacking__gbr__n_estimators': 300, 'stacking__lasso__alpha': 0.001, 'stacking__ridge__alpha': 10.0}",-895370321.4225363,-1281073919.2776837,-1700033030.352004,-616189408.0249987,-483420351.84895486,-995217406.1852356,445880454.5389323,67,-166774447.84459898,-160154423.70559528,-447764399.8483021,-190336263.23843166,-141154750.7561791,-221236857.07862145,114350282.7039174,0.8683912832669972,0.7573753696825958,0.7667035966537508,0.8849113705175243,0.9037843518741064,0.8362331943989949,0.061676231836444106,65,0.9710154485844058,0.9738496503438321,0.9204323019695644,0.9688663680934839,0.9772288668582095,0.962278527169899,0.021110393438574526
11.92961082458496,0.5305844416287893,0.029954814910888673,0.009350214124494202,True,300,0.01,0.01,"{'stacking__final_estimator__fit_intercept': True, 'stacking__gbr__n_estimators': 300, 'stacking__lasso__alpha': 0.01, 'stacking__ridge__alpha': 0.01}",-928197589.7688954,-1286649232.698569,-1371360155.9708018,-742596544.5665472,-517723112.5079538,-969305327.1025534,322294416.49554634,47,-123489205.34982036,-153895587.8824922,-277877983.62877816,-150076956.37522975,-105827171.46666956,-162233380.94059798,60454517.10439185,0.8635660678700314,0.7563194521923633,0.8118075435192604,0.8613017077873582,0.8969570382604168,0.8379903619258859,0.04905156873081927,53,0.978538203735695,0.9748716061626459,0.9506211045403082,0.9754516525756126,0.9829279241500759,0.9724820982328677,0.011297988664546503
12.832839679718017,0.9808190808078885,0.045844745635986325,0.03837653787509957,True,300,0.01,0.1,"{'stacking__final_estimator__fit_intercept': True, 'stacking__gbr__n_estimators': 300, 'stacking__lasso__alpha': 0.01, 'stacking__ridge__alpha': 0.1}",-902080508.3844607,-1277996541.1903207,-1399683603.7819302,-672966509.4060174,-494274199.8786601,-949400272.5282778,345405591.6343942,8,-150199940.0997113,-161252484.28518885,-292993020.68832254,-175892672.268853,-123122325.71940918,-180692088.61229697,58747733.027297735,0.8674049661265157,0.7579581992208118,0.8079207022716328,0.8743068409705577,0.90162409937575,0.8418429615930536,0.051900822749387725,7,0.9738960137916581,0.9736703567131247,0.9479351636640793,0.9712289312593471,0.980137863892896,0.969373665864221,0.01111604721562673
11.760666275024414,1.2627998249489647,0.027206611633300782,0.008432973504819493,True,300,0.01,1.0,"{'stacking__final_estimator__fit_intercept': True, 'stacking__gbr__n_estimators': 300, 'stacking__lasso__alpha': 0.01, 'stacking__ridge__alpha': 1.0}",-892820272.560857,-1267805822.808866,-1545957066.9094234,-623520154.5103215,-476438889.5272648,-961308441.2633464,397402742.4375981,21,-165421443.92554313,-169378996.03380093,-379773415.63859,-191123104.68345553,-139193715.5742324,-208978135.17112437,86976976.6488016,0.8687661099172248,0.7598882356088473,0.7878475200196513,0.8835421720939691,0.9051738794758691,0.8410435834231123,0.05675099122751082,13,0.9712505937889873,0.9723434428583954,0.9325142944241305,0.9687376630768919,0.9775452217310326,0.9644782431758875,0.01623766427249387
13.053242778778076,0.6693733415129748,0.042803621292114256,0.022686189067341715,True,300,0.01,10.0,"{'stacking__final_estimator__fit_intercept': True, 'stacking__gbr__n_estimators': 300, 'stacking__lasso__alpha': 0.01, 'stacking__ridge__alpha': 10.0}",-895369197.5612419,-1281079403.1565945,-1700910570.9225156,-616324790.5147706,-483419918.47552806,-995420776.1261301,446135778.58622867,68,-166772069.77718058,-160154559.16189384,-448239438.7366573,-190334180.32589194,-141149576.782852,-221329964.9568951,114539544.96527752,0.8683914484611512,0.757374331082033,0.7665831713118689,0.8848860844853387,0.9037844381288638,0.8362038946938511,0.06169970712223688,66,0.9710158618804368,0.9738496282262441,0.9203478875971083,0.968866708799092,0.9772297015253736,0.9622619576056509,0.021144031363569914
13.488457250595093,0.3088514283890285,0.14875288009643556,0.1144678889906829,True,300,0.1,0.01,"{'stacking__final_estimator__fit_intercept': True, 'stacking__gbr__n_estimators': 300, 'stacking__lasso__alpha': 0.1, 'stacking__ridge__alpha': 0.01}",-928102343.2597142,-1286723179.5938783,-1371766800.126545,-696725268.7863479,-517923900.010398,-960248298.3553766,329260367.57957363,18,-123475571.28028543,-153808064.69978002,-278054608.64661634,-149414260.71786416,-105758451.69122967,-162102191.40715513,60566281.00567146,0.8635800679664682,0.7563054472720635,0.8117517395335243,0.8698693043630228,0.8969170753180018,0.839684726890616,0.04997998359590154,35,0.978540573267686,0.9748858971311873,0.9505897182887689,0.9755600508509146,0.9829390100479832,0.972503049917308,0.011318818583849614
12.041685438156128,0.5464888882339727,0.03782763481140137,0.023155509682087183,True,300,0.1,0.1,"{'stacking__final_estimator__fit_intercept': True, 'stacking__gbr__n_estimators': 300, 'stacking__lasso__alpha': 0.1, 'stacking__ridge__alpha': 0.1}",-901260894.5642928,-1277613882.0820735,-1404167340.2362156,-651150798.0376602,-494440164.3582283,-945726615.855694,350065316.5830798,2,-151064058.6586452,-161235274.72891164,-295334352.8859811,-175682184.947147,-122740357.05402313,-181211245.65494162,59634539.03299008,0.8675254395446179,0.7580306716388971,0.807305396821879,0.8783814652498306,0.9015910672952709,0.8425668081100991,0.052496117222121705,2,0.9737458343779393,0.9736731667255094,0.9475191091198696,0.9712633610347534,0.9801994832099145,0.9692801908935973,0.011277843737610753
10.487474298477172,0.8989289734094515,0.02120828628540039,0.0024209266809384704,True,300,0.1,1.0,"{'stacking__final_estimator__fit_intercept': True, 'stacking__gbr__n_estimators': 300, 'stacking__lasso__alpha': 0.1, 'stacking__ridge__alpha': 1.0}",-892785305.1360338,-1267932677.4599078,-1550478356.601454,-621816152.276776,-476445693.0408098,-961891636.9029963,399043914.84067047,23,-165393242.083617,-169235881.72406286,-382572661.557315,-191052437.92785153,-139122622.43065733,-209475369.14470077,88106794.60690236,0.8687712497099993,0.7598642104044077,0.7872270611198504,0.8838604367040708,0.9051725253655948,0.8409790966607845,0.05692260619661978,17,0.9712554951257801,0.9723668108625619,0.9320168686483218,0.968749222160377,0.9775566905015072,0.9643890174597096,0.01643866612685641
11.607608938217163,1.231414002096409,0.041110801696777347,0.018297829839554712,True,300,0.1,10.0,"{'stacking__final_estimator__fit_intercept': True, 'stacking__gbr__n_estimators': 300, 'stacking__lasso__alpha': 0.1, 'stacking__ridge__alpha': 10.0}",-895360931.5126121,-1281141314.7395265,-1701822099.0712233,-616379525.650959,-483414488.3705339,-995623671.8689711,446424356.45422035,70,-166750846.06530884,-160145020.99584624,-448736057.3971661,-190315666.8422007,-141117860.43679744,-221413090.34746385,114744797.10678746,0.8683926634713282,0.7573626055487166,0.766458081837226,0.8848758613433527,0.9037855188882266,0.83617494621777,0.061729694955858345,68,0.971019550453692,0.9738511856379687,0.920259638500867,0.9688697370816522,0.9772348180172727,0.9622469859382907,0.02118040899894275
13.553320360183715,2.0533628504821357,0.16646604537963866,0.2100442657019291,True,300,1.0,0.01,"{'stacking__final_estimator__fit_intercept': True, 'stacking__gbr__n_estimators': 300, 'stacking__lasso__alpha': 1.0, 'stacking__ridge__alpha': 0.01}",-928757006.7347366,-1287571280.4347236,-1374679476.260314,-637296527.6099285,-518726728.11539596,-949406203.8310198,340157794.3870608,9,-122813916.53731354,-154667465.85599017,-286957296.49821866,-146783281.12506792,-106229892.3192827,-163490370.4671746,64084925.78703952,0.8634838402741065,0.7561448241027947,0.8113520314960987,0.8809690932993256,0.8967572876173793,0.841741415357941,0.05155304267330475,8,0.9786555654991992,0.9747455723108681,0.9490077113697831,0.9759904047351509,0.9828629570830469,0.9722524421996095,0.011950636695182827
14.736152505874633,1.0000444899643022,0.0337860107421875,0.01355481295204594,True,300,1.0,0.1,"{'stacking__final_estimator__fit_intercept': True, 'stacking__gbr__n_estimators': 300, 'stacking__lasso__alpha': 1.0, 'stacking__ridge__alpha': 0.1}",-900454924.4093273,-1283237529.4154224,-1438669265.6128066,-659944620.5767698,-496739269.091206,-955809121.8211063,358248042.70655984,14,-149080491.60628107,-157019239.07378724,-306710219.0433788,-166803336.0186923,-119342108.02188115,-179791078.7528041,65410892.88659047,0.8676439075072946,0.7569656001119874,0.8025706799339296,0.8767390011458434,0.9011334741237242,0.8410105325645558,0.0531823300936557,15,0.9740905682502954,0.9743615698553977,0.9454976186138062,0.9727156897165757,0.9807476899174133,0.9694826272706978,0.012309932333695334
13.507666397094727,2.118130437371651,0.02635226249694824,0.005029030134880556,True,300,1.0,1.0,"{'stacking__final_estimator__fit_intercept': True, 'stacking__gbr__n_estimators': 300, 'stacking__lasso__alpha': 1.0, 'stacking__ridge__alpha': 1.0}",-892613203.5522445,-1269500041.4421592,-1561554262.3888614,-623166336.3944778,-476545010.1518924,-964675770.7859272,402312096.90267473,35,-164993515.25408328,-167928441.82844275,-387583778.80592597,-189941487.62013122,-138522502.45700702,-209793945.19311807,90380044.7578379,0.8687965465821965,0.7595673648430047,0.7857071088966463,0.8836082563880322,0.9051527581791777,0.8405664069778116,0.057256136364508124,21,0.9713249656171686,0.9725802923864175,0.9311263935141493,0.9689309422244283,0.9776535020629165,0.964323219161016,0.016841380577542676
11.832228422164917,1.9445624929791783,0.04300994873046875,0.037961379423727425,True,300,1.0,10.0,"{'stacking__final_estimator__fit_intercept': True, 'stacking__gbr__n_estimators': 300, 'stacking__lasso__alpha': 1.0, 'stacking__ridge__alpha': 10.0}",-895338596.7790879,-1280666493.0389035,-1702118927.9265287,-616276038.300881,-483382788.8435342,-995556568.9777873,446483455.42484117,69,-166687694.973249,-160020461.09607124,-449009804.4190661,-190059745.26036835,-140907628.03029063,-221337066.75580907,114915900.46166247,0.8683959464097362,0.7574525327869865,0.7664173478614056,0.8848951901684415,0.9037918280775767,0.8361905690608292,0.06172072167574779,67,0.9710305257925309,0.9738715240392247,0.920210993676976,0.9689115986175999,0.9772687327816972,0.9622586749816058,0.021210253940244735
7.191072273254394,1.0742359393277372,0.12473435401916504,0.16741133559975102,False,100,0.001,0.01,"{'stacking__final_estimator__fit_intercept': False, 'stacking__gbr__n_estimators': 100, 'stacking__lasso__alpha': 0.001, 'stacking__ridge__alpha': 0.01}",-896249159.4189116,-1321504038.6998143,-1424411663.9069154,-965056744.9455558,-493357235.1424181,-1020115768.422723,331704400.2849412,88,-282463343.79825866,-271938339.7867634,-362008252.91706085,-298297415.1327453,-266979043.6727586,-296337279.06151736,34543361.86047095,0.8682621046041001,0.749718244960227,0.8045272579173814,0.8197517570050521,0.9018066038070771,0.8288131936587675,0.052558884536376756,96,0.9509093064486112,0.9555973384574503,0.9356711624184755,0.9512069756787528,0.9569308484696952,0.9500631262945969,0.007575567947237717
5.9505232810974125,0.3446434064847759,0.02970156669616699,0.009036521296902175,False,100,0.001,0.1,"{'stacking__final_estimator__fit_intercept': False, 'stacking__gbr__n_estimators': 100, 'stacking__lasso__alpha': 0.001, 'stacking__ridge__alpha': 0.1}",-881965690.0183893,-1311262574.9693754,-1453192632.4133625,-780302371.142652,-470051008.78559333,-979354855.4658744,358659148.05945987,56,-307035523.540459,-278885096.28600204,-373798073.22815424,-320048047.8795598,-286193251.6910536,-313191998.52504575,33656796.51942961,0.8703616035860534,0.7516578920907437,0.8005776308704379,0.8542592110361453,0.9064452659273499,0.8366603207021461,0.054484510394096006,64,0.9466387864958504,0.9544630575101736,0.9335761122924181,0.9476491870464056,0.9538312057962834,0.9472316698282262,0.007521262203744156
5.737487888336181,0.309113176794498,0.04557943344116211,0.03397665445423343,False,100,0.001,1.0,"{'stacking__final_estimator__fit_intercept': False, 'stacking__gbr__n_estimators': 100, 'stacking__lasso__alpha': 0.001, 'stacking__ridge__alpha': 1.0}",-879462456.7402875,-1298629952.148483,-1606363365.5302615,-669433573.5986814,-453291594.73737264,-981436188.5510172,419005213.78222835,60,-324076351.92498386,-286910681.756263,-445974573.10297334,-334297944.17886937,-306728383.8028128,-339597586.95318043,55572210.01115244,0.870729548906031,0.7540504046505079,0.7795579327257014,0.8749667042119903,0.9097809092834732,0.8378170999555408,0.06008843824556779,54,0.9436771771314721,0.9531526231095067,0.9207503540390174,0.9453183068528979,0.9505184711919141,0.9426833864649616,0.011488966927754082
5.881444215774536,0.15683191817461553,0.025852012634277343,0.005181523211174886,False,100,0.001,10.0,"{'stacking__final_estimator__fit_intercept': False, 'stacking__gbr__n_estimators': 100, 'stacking__lasso__alpha': 0.001, 'stacking__ridge__alpha': 10.0}",-890028285.988079,-1319888053.9594617,-1818756292.067871,-666406527.8740538,-464644104.8003463,-1031944652.9379623,485298309.4268623,93,-332747062.17034614,-273148627.89111173,-533097309.91225845,-330338460.2292158,-315002098.8279497,-356866711.80617636,90668729.70692779,0.869176498514197,0.7500242988844593,0.7504111426500117,0.8755320799540771,0.9075214075695155,0.8305330855144522,0.06685299552706185,91,0.9421702517591237,0.9553997200815034,0.9052686506781096,0.945965966493425,0.9491837526266137,0.9395976683277552,0.017704534513174105
5.567168140411377,0.27159115111011695,0.029209327697753907,0.01256303908293123,False,100,0.01,0.01,"{'stacking__final_estimator__fit_intercept': False, 'stacking__gbr__n_estimators': 100, 'stacking__lasso__alpha': 0.01, 'stacking__ridge__alpha': 0.01}",-896243445.2568364,-1321504245.3215046,-1425101410.3379574,-793784928.8188174,-493390613.3544436,-986004928.6179119,344395129.92722183,66,-282463669.254109,-271930473.1120044,-362238838.15990937,-298283955.0500168,-266966493.97756797,-296376685.9107215,34634114.733011946,0.8682629445175079,0.7497182058278159,0.8044326036614288,0.8517410095470257,0.9017999605073256,0.8351909448122207,0.05302091556913775,74,0.9509092498860385,0.9555986229445773,0.9356301874392688,0.951209177367774,0.9569328729908576,0.9500560221257033,0.007591758329696931
5.820531129837036,0.2174699525544236,0.030678749084472656,0.0038701253886121506,False,100,0.01,0.1,"{'stacking__final_estimator__fit_intercept': False, 'stacking__gbr__n_estimators': 100, 'stacking__lasso__alpha': 0.01, 'stacking__ridge__alpha': 0.1}",-881927149.2056593,-1311202225.3434422,-1455831177.172264,-713381288.5377967,-470063473.73425776,-966481062.7986839,367677983.3253527,41,-307145245.77006996,-278895281.40563464,-374916837.1339813,-320056870.4379909,-286139704.26462483,-313430787.8024603,34063034.84684346,0.8703672686240649,0.7516693218025359,0.8002155420219687,0.8667583802529,0.9064427850158409,0.839090659543462,0.05555862292247059,43,0.9466197173299998,0.9544613944625129,0.9333773080358574,0.9476477439252579,0.9538398440856083,0.9471892015678472,0.007594982708683356
5.4144378185272215,0.2553389455888681,0.01920313835144043,0.0015972969417528552,False,100,0.01,1.0,"{'stacking__final_estimator__fit_intercept': False, 'stacking__gbr__n_estimators': 100, 'stacking__lasso__alpha': 0.01, 'stacking__ridge__alpha': 1.0}",-879459908.2797014,-1298650631.8655353,-1611429253.1697392,-665750195.6899718,-453293243.6362612,-981716646.5282418,421071882.0632679,61,-324073219.9952787,-286894978.1601837,-448565515.6330596,-334291963.5941647,-306715312.6279726,-340108198.0021319,56569727.610487714,0.8707299234992238,0.7540464880859528,0.7788627383706825,0.875654666240968,0.9097805811014373,0.837814879459653,0.06031054656175466,55,0.9436777214449371,0.9531551872255569,0.9202899437587049,0.9453192851074859,0.9505205798383537,0.9425925434750075,0.011665692339864734
5.1893144130706785,0.11550005539459712,0.020747613906860352,0.0019388455059931203,False,100,0.01,10.0,"{'stacking__final_estimator__fit_intercept': False, 'stacking__gbr__n_estimators': 100, 'stacking__lasso__alpha': 0.01, 'stacking__ridge__alpha': 10.0}",-890025241.9017884,-1319905322.572501,-1820097509.5463643,-667026985.6943296,-464643850.34347314,-1032339782.0116913,485642196.6265231,94,-332742053.98454636,-273144798.62243134,-533814456.66917455,-330334560.16513556,-314992486.106832,-357005671.10962397,90949625.14979456,0.8691769459584341,0.7500210283543269,0.7502270866885974,0.8754161940929162,0.9075214582143278,0.8304725426617205,0.0668824003532222,92,0.942171122156362,0.9554003453325117,0.9051412137567797,0.9459666044336547,0.9491853033541043,0.9395729178066825,0.017754309653176436
5.169048500061035,0.08054357896683761,0.02151455879211426,0.002716809683530189,False,100,0.1,0.01,"{'stacking__final_estimator__fit_intercept': False, 'stacking__gbr__n_estimators': 100, 'stacking__lasso__alpha': 0.1, 'stacking__ridge__alpha': 0.01}",-896159945.1617988,-1321599214.3722887,-1425722153.553724,-747515843.0252286,-493662409.74975735,-976931913.1725595,350118118.7469127,54,-282444474.31843466,-271838388.9133016,-362503332.78973347,-297752302.7718732,-266911761.18137702,-296290051.994944,34753430.192500964,0.8682752180317087,0.7497002194880027,0.804347418752045,0.8603829069929083,0.9017458645921798,0.836890325571369,0.053673660544729995,63,0.9509125858683017,0.9556136586453601,0.9355831867647095,0.9512961406507993,0.9569417025044419,0.9500694548867225,0.00761621394861354
5.353499221801758,0.2536460877972534,0.019919395446777344,0.00418497062724014,False,100,0.1,0.1,"{'stacking__final_estimator__fit_intercept': False, 'stacking__gbr__n_estimators': 100, 'stacking__lasso__alpha': 0.1, 'stacking__ridge__alpha': 0.1}",-881530898.12805,-1310813875.952644,-1460348218.868375,-692701936.1664525,-470124414.6695237,-963103868.7570091,371740309.80242085,24,-307971284.0368822,-278840160.1166627,-376775216.00409365,-319907577.35985076,-285693228.4058318,-313837493.18466425,34783123.054632,0.8704255127880499,0.7517428719122982,0.7995956660768233,0.8706207613519704,0.9064306558790315,0.8397630936016347,0.0560320000170707,34,0.9464761560775112,0.9544703947819968,0.9330470742593148,0.947672164052363,0.9539118697253456,0.9471155317793063,0.007732067731627543
5.248249053955078,0.09213589347991916,0.024236345291137697,0.004965897560701949,False,100,0.1,1.0,"{'stacking__final_estimator__fit_intercept': False, 'stacking__gbr__n_estimators': 100, 'stacking__lasso__alpha': 0.1, 'stacking__ridge__alpha': 1.0}",-879425170.4823388,-1298881560.1400673,-1616297289.1873689,-664313994.9511158,-453286004.06925315,-982440803.7660288,422783747.4726298,62,-324041000.3382025,-286722333.79650426,-451044345.3942741,-334230607.66561145,-306624312.46033055,-340532519.93098456,57567092.24827754,0.8707350295395109,0.7540027522121713,0.7781946952950501,0.875922912290874,0.9097820219998793,0.8377274822674972,0.060488393754792806,56,0.9436833210575827,0.9531833769587651,0.9198494559084515,0.9453293212028803,0.9505352600168259,0.9425161470289011,0.011841884123617597
5.588084745407104,0.13855674179040378,0.01941370964050293,0.003167219317067385,False,100,0.1,10.0,"{'stacking__final_estimator__fit_intercept': False, 'stacking__gbr__n_estimators': 100, 'stacking__lasso__alpha': 0.1, 'stacking__ridge__alpha': 10.0}",-890002892.17959,-1320076216.7525516,-1821551208.4960222,-667297353.8999007,-464642377.83252674,-1032714009.8321183,486095122.0860163,96,-332699345.68857783,-273098187.88258016,-534593241.7870984,-330300283.26721966,-314926533.98991364,-357123518.5230779,91271430.94811842,0.8691802310999979,0.7499886624333335,0.7500275948372931,0.8753656961359089,0.9075217512896907,0.8304167871592447,0.066931741329507,94,0.9421785446411393,0.9554079560317147,0.9050028237036299,0.9459722111651542,0.9491959427723831,0.9395514956628042,0.017811122387539843
5.386515426635742,0.18089841100616694,0.025213003158569336,0.009811745669508954,False,100,1.0,0.01,"{'stacking__final_estimator__fit_intercept': False, 'stacking__gbr__n_estimators': 100, 'stacking__lasso__alpha': 1.0, 'stacking__ridge__alpha': 0.01}",-896346650.0438925,-1320363857.7380445,-1425617714.8081164,-686057253.5979962,-495239967.1073618,-964725088.6590822,358231377.58551264,36,-281812346.4982949,-273076150.062861,-368572961.52394795,-295287660.2759192,-267778229.9119935,-297305469.6546033,36829557.7814035,0.8682477746495101,0.7499341856488801,0.8043617509345881,0.8718618203513466,0.9014318817343271,0.8391674826637304,0.05470915599380805,42,0.9510224464706953,0.9554115544130642,0.9345046142242296,0.9516992864883009,0.9568019234695715,0.9498879650131723,0.007994101282255594
5.420267724990845,0.22209300254877934,0.03266167640686035,0.012543004928445936,False,100,1.0,0.1,"{'stacking__final_estimator__fit_intercept': False, 'stacking__gbr__n_estimators': 100, 'stacking__lasso__alpha': 1.0, 'stacking__ridge__alpha': 0.1}",-880668496.673898,-1317495165.8675604,-1498326630.452201,-701777257.1573582,-471854213.3381865,-974024352.6978407,381542585.75067735,52,-305475205.80410856,-274612432.9478317,-386351725.80030763,-312004401.31955,-281568988.1708473,-312002550.808529,39735698.5760859,0.8705522754760395,0.7504774917720451,0.7943838692063381,0.8689257204418961,0.9060863722769942,0.8380851458346626,0.056946158740017155,50,0.9469099617882193,0.9551607069267244,0.9313453292346794,0.9489649002317156,0.9545771935844184,0.9473916183531514,0.008627651268540868
5.619631338119507,0.18304366351409412,0.030103683471679688,0.015340586826385342,False,100,1.0,1.0,"{'stacking__final_estimator__fit_intercept': False, 'stacking__gbr__n_estimators': 100, 'stacking__lasso__alpha': 1.0, 'stacking__ridge__alpha': 1.0}",-879193264.2189335,-1300905818.273868,-1628777000.7519722,-665548404.7107921,-453291920.9147235,-985543281.774058,426661858.0035192,65,-323529618.8972947,-285211790.2383747,-455665135.5885015,-333119656.1756242,-305831397.273565,-340671519.63467205,59772941.74386679,0.8707691169835537,0.7536193747395761,0.776482098086149,0.8756923557028984,0.9097808443640607,0.8372687579752476,0.06090794188718187,60,0.9437721965529511,0.9534300216739219,0.9190283418606155,0.9455110414603171,0.9506631733685995,0.942480954983281,0.012228692082411155
5.243310403823853,0.24254107314275433,0.021136999130249023,0.004521496576777656,False,100,1.0,10.0,"{'stacking__final_estimator__fit_intercept': False, 'stacking__gbr__n_estimators': 100, 'stacking__lasso__alpha': 1.0, 'stacking__ridge__alpha': 10.0}",-889881145.6026944,-1319645932.531401,-1821975680.7176185,-667031341.1002083,-464638682.6546649,-1032634556.5213172,486230089.66771674,95,-332505603.5175027,-272686581.8717549,-534968834.134011,-329816465.9391015,-314471304.1145501,-356889757.91538405,91574240.4715433,0.8691981263890961,0.7500701546474181,0.7499693442969502,0.8754153806130237,0.9075224867447281,0.8304350985382432,0.06693508099104051,93,0.9422122160457908,0.95547516392304,0.9049360809736322,0.9460513500026376,0.9492693806130968,0.9395888383116395,0.01786363904640312
8.19511604309082,0.3058198920709128,0.03776459693908692,0.025012865836163217,False,200,0.001,0.01,"{'stacking__final_estimator__fit_intercept': False, 'stacking__gbr__n_estimators': 200, 'stacking__lasso__alpha': 0.001, 'stacking__ridge__alpha': 0.01}",-911225882.2610722,-1317245035.4273868,-1366430261.810016,-932310748.5461137,-499072908.64950496,-1005256967.3388188,315647905.2162562,82,-174676068.6737541,-191985213.5671341,-301273992.9027507,-199817926.13046908,-155071446.94406405,-204564929.64363438,50747167.51737898,0.8660607056667408,0.7505248643745664,0.8124840754195559,0.8258678826598718,0.9006690074504964,0.8311213071142461,0.05084953421478072,90,0.9696421870437495,0.9686522523235228,0.9464636355640801,0.9673154360886217,0.9749838206228507,0.965411466328565,0.009825243507385529
8.227829265594483,0.32541286344848624,0.022214508056640624,0.004260702185060462,False,200,0.001,0.1,"{'stacking__final_estimator__fit_intercept': False, 'stacking__gbr__n_estimators': 200, 'stacking__lasso__alpha': 0.001, 'stacking__ridge__alpha': 0.1}",-893188242.6517283,-1306647116.8055294,-1395180279.122278,-757721603.5327101,-477924376.87583053,-966132323.7976153,342676330.94762605,40,-201623858.6147874,-199536297.16819772,-315057635.1636652,-226170577.29648373,-173279743.51023626,-223133622.35067406,48916582.370734125,0.8687120227196743,0.7525320210648001,0.8085386958208405,0.858476728512176,0.9048782214062856,0.8386275379047554,0.0529263565658142,45,0.9649587981123089,0.9674192955816363,0.9440142834370517,0.9630048873408208,0.9720464519323012,0.9622887432808238,0.009624275377792691
7.906287717819214,0.30262305106850207,0.019258737564086914,0.0007404830621700209,False,200,0.001,1.0,"{'stacking__final_estimator__fit_intercept': False, 'stacking__gbr__n_estimators': 200, 'stacking__lasso__alpha': 0.001, 'stacking__ridge__alpha': 1.0}",-888227202.3478281,-1294286749.0697322,-1548626336.3723483,-636992116.5424331,-461819248.4856587,-965990330.5636002,403910550.14975476,38,-217650963.66002947,-207799193.64020422,-397462287.1947863,-242688787.055924,-190702731.06132847,-251260792.5224545,75012220.74253598,0.8694412362444421,0.754872970800297,0.7874812148043147,0.8810259496037364,0.9080836416172561,0.8401810026140092,0.058634405049292626,29,0.9621733687121181,0.9660701125436898,0.9293709833637616,0.9603029751898987,0.9692357695632822,0.9574306418745501,0.014367252245732381
7.655601167678833,0.2789984453613779,0.020414209365844725,0.0027259311816630284,False,200,0.001,10.0,"{'stacking__final_estimator__fit_intercept': False, 'stacking__gbr__n_estimators': 200, 'stacking__lasso__alpha': 0.001, 'stacking__ridge__alpha': 10.0}",-897621976.1563536,-1310086188.868648,-1732368659.4528863,-626825713.1222428,-470979566.6380125,-1007576420.8476288,460832554.0104467,83,-220218005.7184176,-197672489.3350779,-479474079.0349083,-241964275.45011088,-192055386.6133462,-266276847.23037213,108056430.45692486,0.86806031698081,0.7518806897283387,0.7622661617130826,0.8829247771738918,0.9062604541062274,0.8342784799404701,0.06428724470914458,79,0.961727229849187,0.9677236220273271,0.9147974945149819,0.960421484806845,0.9690175587024717,0.9547374779801625,0.020243159272428687
8.049308490753173,0.25348905063547345,0.01934819221496582,0.0011568133081982933,False,200,0.01,0.01,"{'stacking__final_estimator__fit_intercept': False, 'stacking__gbr__n_estimators': 200, 'stacking__lasso__alpha': 0.01, 'stacking__ridge__alpha': 0.01}",-911219541.2952772,-1317241034.386435,-1367281294.538746,-758864691.1675805,-499105119.5915019,-970742336.1959082,331113653.2954318,49,-174677220.73426187,-191978880.83503014,-301612504.69339323,-199808225.1537948,-155054836.58093268,-204626333.59948254,50879804.03255226,0.8660616377127905,0.7505256221380859,0.8123672877623762,0.8582632285922451,0.9006625964736951,0.8375760745358386,0.05183157164493579,58,0.9696419868214885,0.9686532863452811,0.9464034820459649,0.9673170228941614,0.9749865002123677,0.9654004556638528,0.009849080979222057
7.758949565887451,0.40318645651033574,0.02079620361328125,0.001329478783605565,False,200,0.01,0.1,"{'stacking__final_estimator__fit_intercept': False, 'stacking__gbr__n_estimators': 200, 'stacking__lasso__alpha': 0.01, 'stacking__ridge__alpha': 0.1}",-893129294.046779,-1306583518.2220416,-1397978424.8501775,-684101724.0783428,-477946986.35790503,-951947989.5110493,353436760.7664746,10,-201738768.15549353,-199552587.15902674,-316413857.5723008,-226188268.43514425,-173226015.62408423,-223423899.3892099,49426078.25394722,0.8687206874587939,0.7525440661018391,0.8081547048496636,0.8722270639102238,0.9048737214178939,0.8413040487476829,0.05427010548822572,10,0.9649388274181542,0.9674166357178234,0.9437732828235394,0.9630019935706601,0.972055119333451,0.9622371717727256,0.009716151828791816
7.807500743865967,0.5842948289147457,0.025618648529052733,0.011702006967577493,False,200,0.01,1.0,"{'stacking__final_estimator__fit_intercept': False, 'stacking__gbr__n_estimators': 200, 'stacking__lasso__alpha': 0.01, 'stacking__ridge__alpha': 1.0}",-888224604.9470149,-1294303776.994902,-1553626194.375225,-632570796.6309643,-461822517.03068984,-966109577.9957594,406080493.0888872,39,-217647627.65537876,-207784776.64767396,-400308794.5749872,-242683465.0997069,-190690568.89060566,-251823046.57367048,76126286.67289089,0.8694416180312623,0.7548697458544236,0.7867950817301405,0.8818517405739925,0.9080829910753883,0.8402082354530414,0.05887508373516979,28,0.9621739484927714,0.9660724665804183,0.9288651592300298,0.9603038457114854,0.9692377315688635,0.9573306303167136,0.014565572741333903
7.878880834579467,0.44467064453130306,0.024275875091552733,0.00796756955732737,False,200,0.01,10.0,"{'stacking__final_estimator__fit_intercept': False, 'stacking__gbr__n_estimators': 200, 'stacking__lasso__alpha': 0.01, 'stacking__ridge__alpha': 10.0}",-897619385.2328827,-1310098154.2714381,-1733441105.7248628,-627116371.7720048,-470979563.1102833,-1007850916.0222944,461123660.1097519,84,-220214470.5702278,-197670521.61748648,-480080345.0819745,-241961596.74563378,-192048561.8023493,-266395099.1635344,108297281.58858241,0.8680606978155383,0.7518784235816434,0.7621189893619769,0.8828704894740179,0.9062604548083549,0.8342378110083063,0.0643126417426979,80,0.9617278442399753,0.9677239433203757,0.9146897610869215,0.9604219229671711,0.9690186596833388,0.9547164262595565,0.020285935919325156
7.6821643829345705,0.32189291532486375,0.019267749786376954,0.0004974733635945426,False,200,0.1,0.01,"{'stacking__final_estimator__fit_intercept': False, 'stacking__gbr__n_estimators': 200, 'stacking__lasso__alpha': 0.1, 'stacking__ridge__alpha': 0.01}",-911141192.2567261,-1317293618.8487709,-1367964726.5498004,-712029148.0655731,-499345556.4104686,-961554848.4262676,337686571.6349175,22,-174660962.75984323,-191892066.9725564,-301929184.7176889,-199290244.41733345,-154978747.86802712,-204550241.34708983,51031867.491563104,0.8660731540833628,0.7505156630829973,0.8122735000375121,0.8670109259665869,0.9006147420871726,0.8392975970515263,0.052644629256662155,39,0.9696448123748125,0.9686674614945286,0.946347208030983,0.9674017498994586,0.9749987748698119,0.965412001333919,0.009877716133109529
8.145784997940064,0.5834437985207235,0.028908634185791017,0.013296490954511802,False,200,0.1,0.1,"{'stacking__final_estimator__fit_intercept': False, 'stacking__gbr__n_estimators': 200, 'stacking__lasso__alpha': 0.1, 'stacking__ridge__alpha': 0.1}",-892594027.0848563,-1306203256.6090176,-1402682483.8143218,-661606149.6694808,-478075596.5541598,-948232302.7463672,358040687.2426035,4,-202603528.845016,-199518113.172141,-318645321.4028625,-226086033.5122843,-172808977.13095948,-223932394.81265265,50278739.30375646,0.8687993652932975,0.7526160844544849,0.8075091644290541,0.8764286694464747,0.9048481239987102,0.8420402815244042,0.05483159660954481,4,0.9647885364054026,0.9674222647025885,0.943376751879373,0.9630187163138839,0.972122396127192,0.962145733085688,0.009873163180807606
7.591369533538819,0.46402831972703223,0.018814945220947267,0.0010436354783434022,False,200,0.1,1.0,"{'stacking__final_estimator__fit_intercept': False, 'stacking__gbr__n_estimators': 200, 'stacking__lasso__alpha': 0.1, 'stacking__ridge__alpha': 1.0}",-888192244.8821802,-1294515753.3801913,-1558484019.2951992,-630859865.8968451,-461825760.5906061,-966775528.8090042,407804248.6393875,43,-217613766.6006105,-207612440.45304665,-403058870.7078775,-242626144.16240665,-190610116.3394,-252304267.6526683,77236746.44180004,0.869446374573337,0.7548295993091362,0.7861284399286685,0.8821712992531336,0.9080823455063336,0.8401316117141218,0.059053820801027425,30,0.9621798333719935,0.9661006059951386,0.9283764709212302,0.9603132217963789,0.9692507102022094,0.9572441684573901,0.014762908711471104
7.804246711730957,0.37654597955836655,0.02462286949157715,0.006821973281306361,False,200,0.1,10.0,"{'stacking__final_estimator__fit_intercept': False, 'stacking__gbr__n_estimators': 200, 'stacking__lasso__alpha': 0.1, 'stacking__ridge__alpha': 10.0}",-897599399.8348569,-1310222682.840588,-1734604717.0582118,-627238544.0558542,-470978514.36393994,-1008128771.6306902,461487277.58156735,86,-220183782.81957877,-197640250.03266853,-480742633.9025631,-241937780.98253256,-192004885.35834193,-266501866.61913696,108572176.9258492,0.8680636354297575,0.7518548389175586,0.7619593063828132,0.8828476707748877,0.9062606635414145,0.8341972230092862,0.06435141682324864,82,0.9617331776150696,0.9677288861281316,0.9145720724164882,0.9604258185527488,0.9690257055823703,0.9546971320589618,0.02033459530287649
8.050537109375,0.6256978320971561,0.02039656639099121,0.0022462502674775587,False,200,1.0,0.01,"{'stacking__final_estimator__fit_intercept': False, 'stacking__gbr__n_estimators': 200, 'stacking__lasso__alpha': 1.0, 'stacking__ridge__alpha': 0.01}",-911316459.310338,-1317716552.633595,-1368960464.0290534,-648037719.7760067,-500454637.70976514,-949297166.6917517,347996991.7634059,7,-173883139.20751816,-192781794.6776448,-308858705.66694486,-196437725.01729682,-155607413.0076723,-205513755.51541537,53695055.24481187,0.8660473919250027,0.7504355629797578,0.8121368544733146,0.8789629096984681,0.9003940004993847,0.8415953439151856,0.05409145570409607,9,0.9697799941549712,0.9685221848918067,0.9451158327126845,0.9678683414332836,0.9748973583923659,0.9652367423170224,0.010358948695162646
8.124292373657227,0.67522885034804,0.02309718132019043,0.004540400795815632,False,200,1.0,0.1,"{'stacking__final_estimator__fit_intercept': False, 'stacking__gbr__n_estimators': 200, 'stacking__lasso__alpha': 1.0, 'stacking__ridge__alpha': 0.1}",-892045293.917762,-1312970371.998546,-1439790139.5268996,-670781550.8743559,-480007670.0247818,-959119005.2684692,366998793.17672247,16,-200412508.11978456,-195155902.39551514,-330236939.9742015,-217533294.57973436,-169171195.36415425,-222501968.08667797,56056105.38312477,0.8688800224987265,0.7513344496908756,0.8024168618326963,0.8747149360783443,0.9044635814355108,0.8403619703072307,0.055620414941906234,24,0.9651693246717339,0.9681345356123973,0.9413169221866132,0.9644177026194255,0.9727092443381729,0.9623495458856685,0.01091227879509105
7.718043565750122,0.40137088825161027,0.02012491226196289,0.001992178168125946,False,200,1.0,1.0,"{'stacking__final_estimator__fit_intercept': False, 'stacking__gbr__n_estimators': 200, 'stacking__lasso__alpha': 1.0, 'stacking__ridge__alpha': 1.0}",-888031897.2146022,-1296540297.8301923,-1570599711.7301521,-632149548.9588442,-461887684.4966868,-969841828.0460956,411433658.578057,48,-217166675.16405335,-206161565.36056173,-408227977.6993897,-241543404.62146735,-189947888.85115552,-252609502.33932552,79598556.57584792,0.869469943760584,0.7544461676106596,0.7844657972513444,0.8819304190073209,0.9080700207278354,0.839676469671549,0.05943592835538858,36,0.9622575355913553,0.9663375079182828,0.9274579210223839,0.9604903273764964,0.9693575409693227,0.9571801665755683,0.015180869994614392
7.57589750289917,0.5073143835552647,0.019252538681030273,0.001096333692899794,False,200,1.0,10.0,"{'stacking__final_estimator__fit_intercept': False, 'stacking__gbr__n_estimators': 200, 'stacking__lasso__alpha': 1.0, 'stacking__ridge__alpha': 10.0}",-897508012.7499214,-1310063845.8051121,-1734951098.4943619,-627073268.5339091,-470976090.7761159,-1008114463.2718842,461607784.61926836,85,-220073810.973313,-197385381.6937412,-481082533.3711706,-241606684.37301743,-191725396.82972258,-266374761.44819292,108801401.77208544,0.8680770682370402,0.7518849213167341,0.7619117722809476,0.8828785400710164,0.9062611459105834,0.8342026895632643,0.06436058541522767,81,0.9617522901630262,0.9677705015641903,0.9145116723081097,0.9604799765980458,0.9690707927683326,0.954717046680341,0.020374498038830503
10.648509407043457,0.4146220570029107,0.02442193031311035,0.009172112787435837,False,300,0.001,0.01,"{'stacking__final_estimator__fit_intercept': False, 'stacking__gbr__n_estimators': 300, 'stacking__lasso__alpha': 0.001, 'stacking__ridge__alpha': 0.01}",-930061146.0807409,-1310393396.8030396,-1360012564.454405,-907522572.831972,-516297864.14995956,-1004857508.8640234,307651232.5446444,81,-123902689.55879793,-147392888.49675635,-271160538.232529,-147844518.2555764,-107275248.69642797,-159515176.64801753,57870718.346567415,0.8632921474050644,0.7518225071282633,0.8133647793141847,0.830497688257237,0.8972407069019631,0.8312435658013424,0.04901152133240208,89,0.9784663422816802,0.9759333805346017,0.9518147940498042,0.975816816341512,0.9826943198312572,0.972945130607771,0.01085539320794023
10.949516820907593,0.4210350317591026,0.021005678176879882,0.0020680425759144554,False,300,0.001,0.1,"{'stacking__final_estimator__fit_intercept': False, 'stacking__gbr__n_estimators': 300, 'stacking__lasso__alpha': 0.001, 'stacking__ridge__alpha': 0.1}",-907046333.0383246,-1299337096.728098,-1388163639.0468118,-745660999.9678891,-492755983.9780754,-966592810.5518396,336249523.2860712,42,-151334023.50596592,-155334253.39144185,-286025434.6742215,-174540181.22950774,-125612390.65075164,-178569256.6903777,55944823.89214332,0.8666750493595876,0.7539164774120963,0.809501592931635,0.8607293448618398,0.9019262714425882,0.8385497472015494,0.0515870848574939,46,0.9736989158595529,0.9746366978458675,0.9491733031413555,0.9714501605587953,0.9797361657581926,0.9697390486327528,0.010634732330705296
10.793806123733521,0.17963745305065726,0.03741412162780762,0.03266785485519076,False,300,0.001,1.0,"{'stacking__final_estimator__fit_intercept': False, 'stacking__gbr__n_estimators': 300, 'stacking__lasso__alpha': 0.001, 'stacking__ridge__alpha': 1.0}",-899541812.0597844,-1285240656.1243963,-1535260477.423725,-628048892.3934808,-475091528.9887129,-964636673.39802,396379001.25251687,33,-167193639.9882031,-164902200.67481744,-372387774.50388795,-190989033.96436188,-142483808.06116998,-207591291.43848807,83817455.08975703,0.8677781240897311,0.7565862247536024,0.7893154184725231,0.8826963181577114,0.905442046024878,0.8403636262996891,0.05727719395210301,23,0.970942595120363,0.9730744233787444,0.9338267222628918,0.9687595932563894,0.9770144628747596,0.9647235593786295,0.01568683369629072
11.09895749092102,0.9428465730436798,0.037029457092285153,0.015967984488553487,False,300,0.001,10.0,"{'stacking__final_estimator__fit_intercept': False, 'stacking__gbr__n_estimators': 300, 'stacking__lasso__alpha': 0.001, 'stacking__ridge__alpha': 10.0}",-908192037.5015082,-1297876865.9555192,-1702233309.1187377,-615847488.0698627,-482989961.90386385,-1001427932.5098984,448364424.69125444,71,-168500199.24855697,-157370682.1558888,-450744434.0074194,-191018165.75007874,-143304630.42356142,-222187622.31710106,115339371.18816487,0.8665066445213356,0.7541930328442565,0.7664016512718239,0.8849752325354636,0.9038700128260201,0.83518931479978,0.062399665658236375,75,0.9707155217614122,0.9743041854930519,0.9199027501379017,0.9687548281197945,0.9768820475277759,0.9621118666079873,0.021291182292348387
11.666824007034302,0.7785006843353218,0.0240145206451416,0.00479670608981347,False,300,0.01,0.01,"{'stacking__final_estimator__fit_intercept': False, 'stacking__gbr__n_estimators': 300, 'stacking__lasso__alpha': 0.01, 'stacking__ridge__alpha': 0.01}",-930054463.6096243,-1310393840.9272227,-1360952784.1896625,-742990596.5870255,-516331060.215796,-972144549.1058662,324848725.7148632,51,-123904528.64791684,-147386801.90248263,-271571856.9480154,-147835861.62547553,-107257746.36267877,-159591359.09731382,58032976.35897377,0.8632931296483075,0.7518224230148768,0.8132357524784265,0.8612281088153684,0.8972340998549543,0.8373627027623867,0.05044953522811212,59,0.9784660226573383,0.9759343743664596,0.9517417027469691,0.9758182323214757,0.9826971433137823,0.972931495081205,0.010884454198145526
11.707082748413086,0.6856805273041436,0.021003293991088866,0.0027661122134099614,False,300,0.01,0.1,"{'stacking__final_estimator__fit_intercept': False, 'stacking__gbr__n_estimators': 300, 'stacking__lasso__alpha': 0.01, 'stacking__ridge__alpha': 0.1}",-906967426.057754,-1299264204.2112458,-1390846789.5529115,-673803766.448746,-492784458.1431535,-952733328.8827622,347412214.6188762,12,-151452856.70863575,-155358004.10908982,-287439421.23770815,-174558329.33241966,-125559388.69314212,-178873600.0161991,56484413.14554001,0.8666866477409565,0.7539302826419805,0.8091333828136351,0.8741504624864143,0.9019206042003272,0.8411642759766627,0.05304066193042702,11,0.9736782632528905,0.9746328197789573,0.9489220378421475,0.9714471920422013,0.9797447160522991,0.9696850057936992,0.010731550469402426
12.099891996383667,0.319667566157396,0.02688632011413574,0.010943571998127757,False,300,0.01,1.0,"{'stacking__final_estimator__fit_intercept': False, 'stacking__gbr__n_estimators': 300, 'stacking__lasso__alpha': 0.01, 'stacking__ridge__alpha': 1.0}",-899539281.0576761,-1285251225.9942505,-1539801809.943846,-623595131.0878267,-475095633.68532145,-964656616.3537842,398448505.4005022,34,-167190951.1442946,-164890898.93103015,-375201530.5917827,-190983736.0235343,-142472227.7735856,-208147868.89284545,84927566.48149423,0.8677784961167366,0.756584222909113,0.7886922090851595,0.8835281683616167,0.9054412290629048,0.8404048651071061,0.05751306363975261,22,0.9709430624277684,0.9730762687511352,0.9333267180311825,0.9687604598497374,0.977016331010752,0.9646245680141151,0.015884403810017263
11.35710530281067,0.5665284042729075,0.029111766815185548,0.01481998619122052,False,300,0.01,10.0,"{'stacking__final_estimator__fit_intercept': False, 'stacking__gbr__n_estimators': 300, 'stacking__lasso__alpha': 0.01, 'stacking__ridge__alpha': 10.0}",-908189921.3009694,-1297885500.9143972,-1703143654.2124321,-615998533.308457,-482989930.0820788,-1001641507.9636669,448624325.4084139,73,-168497589.11520207,-157370003.59656057,-451272115.28397775,-191015835.6869956,-143298881.50442657,-222290885.03743252,115549737.05940525,0.8665069555774769,0.7541913974556392,0.7662767241484263,0.8849470210971084,0.9038700191595426,0.8351584234876388,0.06242317855445787,76,0.9707159753893234,0.9743042962896399,0.9198089812172735,0.9687552092522447,0.9768829749453961,0.9620934874187755,0.021328563457834994
11.490503787994385,0.4122469430679521,0.04588479995727539,0.04938450161904648,False,300,0.1,0.01,"{'stacking__final_estimator__fit_intercept': False, 'stacking__gbr__n_estimators': 300, 'stacking__lasso__alpha': 0.1, 'stacking__ridge__alpha': 0.01}",-929979023.9993618,-1310499806.8415189,-1361610543.5091085,-697951927.8839047,-516568863.0007635,-963322033.0469315,331749178.77698743,28,-123893236.12815878,-147298918.93938,-271893558.10398597,-147341076.46649367,-107169293.37852314,-159519216.6033083,58198557.278259866,0.8633042183677568,0.7518023539615649,0.8131454878301788,0.869640195403113,0.8971867697229186,0.8390158050571065,0.051355819145995525,44,0.9784679852398788,0.9759487240806966,0.9516845364772903,0.9758991651860305,0.9827114125797347,0.9729423647127262,0.010914604027756599
13.471965837478638,0.12118893146622577,0.04250354766845703,0.02066201588263801,False,300,0.1,0.1,"{'stacking__final_estimator__fit_intercept': False, 'stacking__gbr__n_estimators': 300, 'stacking__lasso__alpha': 0.1, 'stacking__ridge__alpha': 0.1}",-906284018.7815603,-1298803266.40342,-1395319946.477787,-651937732.0204895,-492954961.3784993,-949059985.0123513,352026000.5111267,5,-152347556.1620177,-155382455.29775596,-289750191.4797614,-174461259.90276304,-125153877.7722933,-179419068.1229183,57363530.30153615,0.8667871004279329,0.7540175803876765,0.80851952919812,0.8782344858431782,0.9018866687666335,0.8418890729247082,0.05362002978324933,5,0.9735227690351419,0.9746288273376726,0.9485114141550037,0.9714630698567642,0.9798101332140994,0.9695872427197363,0.010891489430163435
13.59673318862915,0.9487271367649818,0.029644536972045898,0.010649517186508164,False,300,0.1,1.0,"{'stacking__final_estimator__fit_intercept': False, 'stacking__gbr__n_estimators': 300, 'stacking__lasso__alpha': 0.1, 'stacking__ridge__alpha': 1.0}",-899508164.2243222,-1285406109.2274036,-1544253544.7163074,-621884084.6235265,-475103411.8588914,-965231062.9300903,400052710.51611793,37,-167162001.9984749,-164744729.58455932,-377937924.1509768,-190926629.0886786,-142396825.52776158,-208633622.07009023,86035954.89642756,0.8677830699186692,0.7565548893268577,0.7880812952425904,0.8838477486562347,0.9054396809650467,0.8403413368218796,0.057680034198920635,25,0.9709480936421798,0.9731001355880966,0.932840461114634,0.9687698009298807,0.9770284949270897,0.9645373972403762,0.01608138077738941
12.221428442001343,0.5842009782170702,0.02672581672668457,0.005348481567477615,False,300,0.1,10.0,"{'stacking__final_estimator__fit_intercept': False, 'stacking__gbr__n_estimators': 300, 'stacking__lasso__alpha': 0.1, 'stacking__ridge__alpha': 10.0}",-908173040.9959091,-1297978035.97251,-1704102679.1345792,-616060493.9468569,-482987546.46598655,-1001860359.3031683,448927120.994126,76,-168474314.12089354,-157353118.62317887,-451833922.35163414,-190995030.28475034,-143262923.11313978,-222383861.69871935,115782510.6471843,0.8665094367802083,0.7541738720935752,0.766145116667241,0.884935448413673,0.9038704935730966,0.8351268735055587,0.06245528948962449,78,0.9707200204650407,0.9743070533034497,0.9197091481462973,0.9687586124278884,0.9768887757654973,0.9620767220216345,0.02136980824827005
11.181417274475098,0.4369674832183745,0.02176518440246582,0.0009827441394927468,False,300,1.0,0.01,"{'stacking__final_estimator__fit_intercept': False, 'stacking__gbr__n_estimators': 300, 'stacking__lasso__alpha': 1.0, 'stacking__ridge__alpha': 0.01}",-930231916.4427743,-1312004559.5002568,-1362705522.7331996,-639068654.0469664,-517568121.7282123,-952315754.8902819,342173273.1699704,11,-123141912.23651528,-148067352.95136818,-279250309.56839436,-144618958.1693276,-107592318.20025657,-160534170.2251724,61160866.41243501,0.8632670462065263,0.7515173664584619,0.8129952232705153,0.8806381048073909,0.8969878862341717,0.8410811253954134,0.05290183441621739,12,0.9785985615136938,0.9758232525661655,0.9503772423306289,0.976344426785833,0.982643170069395,0.9727573306531433,0.011445394603032405
10.657245874404907,0.5545991458370819,0.02350196838378906,0.0022431624582518947,False,300,1.0,0.1,"{'stacking__final_estimator__fit_intercept': False, 'stacking__gbr__n_estimators': 300, 'stacking__lasso__alpha': 1.0, 'stacking__ridge__alpha': 0.1}",-906002387.3693606,-1305742962.9348226,-1431617859.1704152,-660729407.745718,-495284176.88797575,-959875358.8216584,360666313.8245773,17,-150410902.2704633,-150974572.88250738,-302154427.87630725,-165888335.8864225,-121563936.63971345,-178198435.11108276,63619774.84783463,0.8668284968734756,0.7527032602066867,0.8035383480510614,0.8765924227098407,0.9014230826163773,0.8402171220914884,0.05437187849198886,27,0.9738593496385823,0.9753485556082693,0.9463071823397168,0.9728653578713867,0.9803892637574445,0.9697539418430801,0.012005795179669992
10.654417657852173,0.5996672389396636,0.029879045486450196,0.014665121001433305,False,300,1.0,1.0,"{'stacking__final_estimator__fit_intercept': False, 'stacking__gbr__n_estimators': 300, 'stacking__lasso__alpha': 1.0, 'stacking__ridge__alpha': 1.0}",-899400097.3018565,-1287418114.0594199,-1555707565.326268,-623211086.2739664,-475207389.9367786,-968188850.5796582,403449583.91843563,45,-166761972.4224328,-163363169.72773492,-383213216.2190536,-189861744.16201812,-141764124.05366755,-208992845.3169814,88435232.29027307,0.8677989544623566,0.7561738325266069,0.7865094541286538,0.8835998982399811,0.9054189861016291,0.8399002250918455,0.058036870718591434,32,0.9710176167493728,0.9733257195744203,0.9319030421361774,0.9689439859998478,0.9771305625474029,0.9644641854014443,0.01650580518773435
9.949920558929444,1.2950292265278507,0.020427989959716796,0.0008697630072062793,False,300,1.0,10.0,"{'stacking__final_estimator__fit_intercept': False, 'stacking__gbr__n_estimators': 300, 'stacking__lasso__alpha': 1.0, 'stacking__ridge__alpha': 10.0}",-908098750.23931,-1297866997.967347,-1704363043.0180793,-615957223.2261895,-482975829.71304727,-1001852368.8327945,449017499.71619856,75,-168400562.3080917,-157175553.6716268,-452114495.5482115,-190716589.20364645,-143027006.38808188,-222286841.42393166,115967895.3375854,0.8665203566319246,0.7541949017582561,0.7661093867981753,0.8849547367778553,0.9038728255704436,0.835130441507331,0.06246242090257533,77,0.970732838155267,0.9743360464805493,0.9196592903117123,0.9688041575172962,0.9769268339330608,0.9620918332795771,0.02140206048937055
