mean_fit_time,std_fit_time,mean_score_time,std_score_time,param_colsample_bytree,param_learning_rate,param_max_depth,param_min_child_weight,param_n_estimators,param_subsample,params,split0_test_neg_mean_squared_error,split1_test_neg_mean_squared_error,split2_test_neg_mean_squared_error,split3_test_neg_mean_squared_error,split4_test_neg_mean_squared_error,mean_test_neg_mean_squared_error,std_test_neg_mean_squared_error,rank_test_neg_mean_squared_error,split0_train_neg_mean_squared_error,split1_train_neg_mean_squared_error,split2_train_neg_mean_squared_error,split3_train_neg_mean_squared_error,split4_train_neg_mean_squared_error,mean_train_neg_mean_squared_error,std_train_neg_mean_squared_error,split0_test_r2,split1_test_r2,split2_test_r2,split3_test_r2,split4_test_r2,mean_test_r2,std_test_r2,rank_test_r2,split0_train_r2,split1_train_r2,split2_train_r2,split3_train_r2,split4_train_r2,mean_train_r2,std_train_r2
0.13227291107177735,0.011058353025201258,0.005316686630249023,0.0010767173976573491,0.8,0.01,3,1,100,0.8,"{'colsample_bytree': 0.8, 'learning_rate': 0.01, 'max_depth': 3, 'min_child_weight': 1, 'n_estimators': 100, 'subsample': 0.8}",-2621296640.0,-1740638208.0,-3003604736.0,-1807615104.0,-1671448704.0,-2168920678.4,540885837.2157658,93,-1865301120.0,-1903885184.0,-1798991488.0,-1959357312.0,-1996359424.0,-1904778905.6,69449356.81808862,0.6147007942199707,0.6703377366065979,0.5878137946128845,0.6623831391334534,0.6673298478126526,0.6405130624771118,0.03325789362428403,93,0.6758201718330383,0.689129650592804,0.6803193688392639,0.6795045137405396,0.6779465675354004,0.6805440545082092,0.004558631261419953
0.09855241775512695,0.022100631319979497,0.005203390121459961,0.0014736547694986235,0.8,0.01,3,1,100,1.0,"{'colsample_bytree': 0.8, 'learning_rate': 0.01, 'max_depth': 3, 'min_child_weight': 1, 'n_estimators': 100, 'subsample': 1.0}",-2594100224.0,-1758113280.0,-3070292736.0,-1853840768.0,-1697969024.0,-2194863206.4,544006927.846231,96,-1866174208.0,-1893478272.0,-1795871872.0,-1950545280.0,-1980502528.0,-1897314432.0,64851839.06193207,0.6186982989311218,0.6670281291007996,0.5786621570587158,0.6537493467330933,0.6620514988899231,0.6360378861427307,0.033296950657969435,96,0.6756684184074402,0.6908289194107056,0.6808737516403198,0.6809459328651428,0.6805046796798706,0.6817643404006958,0.004947252610136558
0.15776729583740234,0.014441286343933032,0.005608749389648437,0.0004897854730016652,0.8,0.01,3,1,200,0.8,"{'colsample_bytree': 0.8, 'learning_rate': 0.01, 'max_depth': 3, 'min_child_weight': 1, 'n_estimators': 200, 'subsample': 0.8}",-1633321856.0,-1284134784.0,-1850982016.0,-1006501824.0,-932182208.0,-1341424537.6,354340935.4200129,67,-927665856.0,-896629312.0,-891515264.0,-968709568.0,-981713728.0,-933246745.6,36661040.58600843,0.7599212527275085,0.7567956447601318,0.7459888458251953,0.8120108842849731,0.8144668340682983,0.7778366923332214,0.02928349933161934,67,0.8387764096260071,0.8535965085029602,0.8415778279304504,0.8415464758872986,0.8416296243667603,0.8434253692626953,0.005200639348583064
0.2140958786010742,0.021925048034338028,0.004505538940429687,0.001003508581393452,0.8,0.01,3,1,200,1.0,"{'colsample_bytree': 0.8, 'learning_rate': 0.01, 'max_depth': 3, 'min_child_weight': 1, 'n_estimators': 200, 'subsample': 1.0}",-1618720128.0,-1260397440.0,-1928234112.0,-1025878464.0,-968971584.0,-1360440345.6,364495880.37412703,70,-933903232.0,-893710080.0,-880540928.0,-957261120.0,-967857792.0,-926654630.4,34347683.78426717,0.7620674967765808,0.7612913250923157,0.7353874444961548,0.808391809463501,0.8071445822715759,0.7748565316200257,0.028539502986822122,71,0.837692379951477,0.854073166847229,0.8435279726982117,0.8434191346168518,0.8438648581504822,0.8445155024528503,0.005301028669996667
0.1165395736694336,0.01528866654398032,0.0048048973083496095,0.00040174778259553334,0.8,0.01,3,3,100,0.8,"{'colsample_bytree': 0.8, 'learning_rate': 0.01, 'max_depth': 3, 'min_child_weight': 3, 'n_estimators': 100, 'subsample': 0.8}",-2523308288.0,-1752691456.0,-2984854016.0,-1802758144.0,-1675276800.0,-2147777740.8,517708164.1336215,90,-1876495360.0,-1911345152.0,-1810493056.0,-1973894528.0,-2008768000.0,-1916199219.2,70244543.10271564,0.6291038990020752,0.6680549383163452,0.5903869867324829,0.66329026222229,0.6665679216384888,0.6434808015823364,0.030182665696282265,90,0.6738746762275696,0.6879115700721741,0.6782755851745605,0.6771266460418701,0.6759448051452637,0.6786266565322876,0.004865316961745783
0.13426361083984376,0.023583094263620128,0.0057070255279541016,0.0030037672552198275,0.8,0.01,3,3,100,1.0,"{'colsample_bytree': 0.8, 'learning_rate': 0.01, 'max_depth': 3, 'min_child_weight': 3, 'n_estimators': 100, 'subsample': 1.0}",-2510608896.0,-1766324992.0,-3022896128.0,-1836943104.0,-1700768000.0,-2167508224.0,517199044.5340198,92,-1868776320.0,-1896345856.0,-1807527552.0,-1966801408.0,-1987459584.0,-1905382144.0,65583830.58998564,0.6309705376625061,0.6654728651046753,0.5851664543151855,0.6569054126739502,0.6614943742752075,0.6400019288063049,0.029949680678336553,94,0.6752161979675293,0.6903606653213501,0.678802490234375,0.6782869100570679,0.67938232421875,0.6804097175598145,0.00517955665197092
0.22348060607910156,0.015863255595788026,0.004605579376220703,0.0004936806212244891,0.8,0.01,3,3,200,0.8,"{'colsample_bytree': 0.8, 'learning_rate': 0.01, 'max_depth': 3, 'min_child_weight': 3, 'n_estimators': 200, 'subsample': 0.8}",-1500035328.0,-1301646080.0,-1870053760.0,-1004467008.0,-924358144.0,-1320112064.0,343919237.34082335,63,-943607616.0,-911877824.0,-912651008.0,-990702336.0,-1005857600.0,-952939276.8,39045268.52942953,0.7795127630233765,0.7534791827201843,0.7433716058731079,0.812390923500061,0.8160240650177002,0.780955708026886,0.029622858409676562,63,0.8360058069229126,0.8511067032814026,0.8378219604492188,0.8379490971565247,0.8377346992492676,0.8401236534118652,0.005537465693550686
0.2233560562133789,0.04409842423793845,0.011510848999023438,0.008128091980363565,0.8,0.01,3,3,200,1.0,"{'colsample_bytree': 0.8, 'learning_rate': 0.01, 'max_depth': 3, 'min_child_weight': 3, 'n_estimators': 200, 'subsample': 1.0}",-1548612352.0,-1271878912.0,-1917335168.0,-1011387712.0,-932368448.0,-1336316518.4,362093128.925115,65,-940049344.0,-899200640.0,-900749632.0,-981983424.0,-984782656.0,-941353139.2,37320559.58873229,0.7723724842071533,0.7591168284416199,0.7368831038475037,0.8110983371734619,0.814429759979248,0.7787801027297974,0.029994755494138405,66,0.8366242051124573,0.8531766533851624,0.8399368524551392,0.8393752574920654,0.8411345481872559,0.842049503326416,0.0057567240082075566
0.2502720832824707,0.02530575682641898,0.010973644256591798,0.007342954924193181,0.8,0.01,5,1,100,0.8,"{'colsample_bytree': 0.8, 'learning_rate': 0.01, 'max_depth': 5, 'min_child_weight': 1, 'n_estimators': 100, 'subsample': 0.8}",-2596830464.0,-1536070528.0,-2764000768.0,-1589175168.0,-1526316544.0,-2002478694.4,556463237.0066388,85,-1449595392.0,-1517350912.0,-1436678272.0,-1529842688.0,-1579062784.0,-1502506009.6,52842084.1982807,0.6182969808578491,0.7090811729431152,0.6206947565078735,0.7031822204589844,0.6962156295776367,0.6694941520690918,0.041033125352416586,85,0.7480677366256714,0.7522437572479248,0.7447023987770081,0.7497609853744507,0.745265007019043,0.7480079770088196,0.0028095969670831624
0.2544290065765381,0.04944554712666819,0.006070470809936524,0.0016197329680502869,0.8,0.01,5,1,100,1.0,"{'colsample_bytree': 0.8, 'learning_rate': 0.01, 'max_depth': 5, 'min_child_weight': 1, 'n_estimators': 100, 'subsample': 1.0}",-2650897408.0,-1593806976.0,-2706769664.0,-1593767168.0,-1530796672.0,-2015207577.6,542624011.8455452,86,-1413738880.0,-1461050880.0,-1379816448.0,-1472003072.0,-1508773632.0,-1447076582.4,45295617.640902445,0.6103497743606567,0.6981463432312012,0.6285486221313477,0.7023245096206665,0.6953239440917969,0.6669386386871338,0.0392629575668069,86,0.7542994022369385,0.7614365816116333,0.7548067569732666,0.7592219114303589,0.7566041350364685,0.7572737574577332,0.002702061560891572
0.3728675365447998,0.016473790133609768,0.008829164505004882,0.007409813242907387,0.8,0.01,5,1,200,0.8,"{'colsample_bytree': 0.8, 'learning_rate': 0.01, 'max_depth': 5, 'min_child_weight': 1, 'n_estimators': 200, 'subsample': 0.8}",-1674924032.0,-1175959040.0,-1700433664.0,-847047360.0,-871118848.0,-1253896588.8,372767708.578884,58,-540204032.0,-545232064.0,-553398976.0,-566998272.0,-586205760.0,-558407820.8,16592698.971202465,0.7538062334060669,0.777283251285553,0.7666486501693726,0.8417929410934448,0.82662034034729,0.7932302832603455,0.03460743966717245,58,0.9061152935028076,0.9109733700752258,0.9016610383987427,0.9072551131248474,0.9054330587387085,0.9062875747680664,0.0030019169005121964
0.3995349407196045,0.02525712290283045,0.004889726638793945,0.00047926712766359326,0.8,0.01,5,1,200,1.0,"{'colsample_bytree': 0.8, 'learning_rate': 0.01, 'max_depth': 5, 'min_child_weight': 1, 'n_estimators': 200, 'subsample': 1.0}",-1786811648.0,-1236829440.0,-1575599104.0,-880308352.0,-864493184.0,-1268808345.6,368204735.4576421,59,-512864096.0,-515618592.0,-516029824.0,-530656896.0,-537030720.0,-522440025.6,9588810.049850766,0.7373600602149963,0.7657548785209656,0.7837797403335571,0.835580587387085,0.8279390335083008,0.790082859992981,0.037187112519321525,60,0.9108668565750122,0.9158087372779846,0.9083015322685242,0.9131995439529419,0.9133660197257996,0.9123085379600525,0.0025415780317518065
0.21328630447387695,0.03470541237633153,0.004493808746337891,0.00044874459667686585,0.8,0.01,5,3,100,0.8,"{'colsample_bytree': 0.8, 'learning_rate': 0.01, 'max_depth': 5, 'min_child_weight': 3, 'n_estimators': 100, 'subsample': 0.8}",-2296486656.0,-1540350080.0,-2678467584.0,-1600089856.0,-1538067456.0,-1930692326.4,470912450.26269114,78,-1480729088.0,-1535522816.0,-1459813760.0,-1564291712.0,-1609891328.0,-1530049740.8,54667661.340097226,0.6624439358711243,0.7082706689834595,0.6324325799942017,0.7011436223983765,0.6938768625259399,0.6796335339546203,0.02831626441942666,78,0.7426568269729614,0.7492766380310059,0.7405912280082703,0.7441260814666748,0.7402917742729187,0.7433885097503662,0.0032607969005954054
0.21468076705932618,0.06003013779954566,0.009821033477783203,0.006196867005353774,0.8,0.01,5,3,100,1.0,"{'colsample_bytree': 0.8, 'learning_rate': 0.01, 'max_depth': 5, 'min_child_weight': 3, 'n_estimators': 100, 'subsample': 1.0}",-2334161152.0,-1580251264.0,-2672736768.0,-1563789056.0,-1560170496.0,-1942221747.2,470630594.7704217,80,-1434209152.0,-1481251968.0,-1416332288.0,-1514891008.0,-1534076160.0,-1476152115.2,45209576.791158706,0.656906247138977,0.7007136940956116,0.6332190036773682,0.7079236507415771,0.6894776821136475,0.6776480555534363,0.02825858693146916,80,0.750741720199585,0.7581380605697632,0.7483178377151489,0.7522066235542297,0.7525222897529602,0.7523853063583374,0.0032369908753818667
0.37384819984436035,0.08568187293486344,0.00628194808959961,0.0009719208002125637,0.8,0.01,5,3,200,0.8,"{'colsample_bytree': 0.8, 'learning_rate': 0.01, 'max_depth': 5, 'min_child_weight': 3, 'n_estimators': 200, 'subsample': 0.8}",-1343163264.0,-1143869568.0,-1603293568.0,-832192384.0,-864568896.0,-1157417536.0,291555203.78223974,49,-571060544.0,-569088704.0,-582821376.0,-606376704.0,-617465600.0,-589362585.6,19328952.729963966,0.8025710582733154,0.7833607196807861,0.7799792289733887,0.8445674777030945,0.8279239535331726,0.8076804876327515,0.02512116661717973,49,0.900752604007721,0.9070780277252197,0.8964326977729797,0.9008139371871948,0.9003902077674866,0.9010934948921203,0.0034125250153327633
0.4119424819946289,0.05463567344618092,0.012047147750854493,0.012851941232009318,0.8,0.01,5,3,200,1.0,"{'colsample_bytree': 0.8, 'learning_rate': 0.01, 'max_depth': 5, 'min_child_weight': 3, 'n_estimators': 200, 'subsample': 1.0}",-1446856576.0,-1255955456.0,-1645391616.0,-840316672.0,-871139136.0,-1211931891.2,315991325.18081635,54,-532651776.0,-535147808.0,-542353536.0,-555694016.0,-560852928.0,-545340012.8,11150312.602998689,0.787329375743866,0.7621325850486755,0.7742021083831787,0.8430500626564026,0.8266162872314453,0.7986660838127136,0.031025328442234566,55,0.9074278473854065,0.912619948387146,0.9036238193511963,0.9091041684150696,0.9095230102539062,0.9084597587585449,0.0029429269894881917
0.49773097038269043,0.047277401737967115,0.005657768249511719,0.0005580712241530574,0.8,0.01,7,1,100,0.8,"{'colsample_bytree': 0.8, 'learning_rate': 0.01, 'max_depth': 7, 'min_child_weight': 1, 'n_estimators': 100, 'subsample': 0.8}",-2559622144.0,-1473902848.0,-2684803328.0,-1550435456.0,-1502002432.0,-1954153241.6,547450634.5077053,81,-1286036480.0,-1371490944.0,-1291166848.0,-1374011904.0,-1416065408.0,-1347754316.8,50853763.95468581,0.6237661838531494,0.720855176448822,0.6315630674362183,0.7104177474975586,0.7010549306869507,0.6775314211845398,0.04126888420955272,81,0.7764934301376343,0.7760601043701172,0.7705597877502441,0.7752504944801331,0.7715598344802856,0.7739847302436829,0.0024418543188145046
0.5864840984344483,0.03040187498539356,0.006808948516845703,0.0015979854850886415,0.8,0.01,7,1,100,1.0,"{'colsample_bytree': 0.8, 'learning_rate': 0.01, 'max_depth': 7, 'min_child_weight': 1, 'n_estimators': 100, 'subsample': 1.0}",-2583069184.0,-1514756736.0,-2670728192.0,-1615439744.0,-1559199104.0,-1988638592.0,522848662.34539884,83,-1222131456.0,-1293864960.0,-1216485376.0,-1291308544.0,-1316454912.0,-1268049049.6,40786837.73315674,0.6203197240829468,0.7131178379058838,0.6334946155548096,0.6982766389846802,0.6896710395812988,0.6709759712219239,0.036991016113950156,83,0.7875998020172119,0.788735032081604,0.7838306427001953,0.7887784242630005,0.7876290082931519,0.7873145818710328,0.00181540959576853
0.7868177890777588,0.0695226898644297,0.008526992797851563,0.0016698979391302667,0.8,0.01,7,1,200,0.8,"{'colsample_bytree': 0.8, 'learning_rate': 0.01, 'max_depth': 7, 'min_child_weight': 1, 'n_estimators': 200, 'subsample': 0.8}",-1676109440.0,-1129861888.0,-1631126912.0,-814558912.0,-847736256.0,-1219878681.6,370984834.0855578,56,-383498304.0,-406845600.0,-409745504.0,-416503424.0,-431561792.0,-409630924.8,15613322.605449468,0.7536319494247437,0.786013662815094,0.7761596441268921,0.8478609323501587,0.831274151802063,0.7989880681037903,0.035149957882500964,54,0.9333499670028687,0.9335694313049316,0.9271882772445679,0.9318718314170837,0.9303802847862244,0.9312719583511353,0.0023421307714067328
0.7833504199981689,0.16116034100143992,0.009799861907958984,0.003305510532045276,0.8,0.01,7,1,200,1.0,"{'colsample_bytree': 0.8, 'learning_rate': 0.01, 'max_depth': 7, 'min_child_weight': 1, 'n_estimators': 200, 'subsample': 1.0}",-1798940544.0,-1250165376.0,-1567894656.0,-907674304.0,-875701248.0,-1280075225.6,361982486.4342978,61,-340439648.0,-357613056.0,-354589408.0,-358040768.0,-367767008.0,-355689977.6,8818876.523377378,0.7355772256851196,0.7632291316986084,0.784837007522583,0.8304693698883057,0.825708270072937,0.7879642009735107,0.036324378335871786,62,0.940833330154419,0.941608190536499,0.9369894862174988,0.9414346218109131,0.9406716823577881,0.9403074622154236,0.0016959092571906162
0.32830100059509276,0.055503565748320625,0.005820941925048828,0.0008161475820265483,0.8,0.01,7,3,100,0.8,"{'colsample_bytree': 0.8, 'learning_rate': 0.01, 'max_depth': 7, 'min_child_weight': 3, 'n_estimators': 100, 'subsample': 0.8}",-2251884800.0,-1484761728.0,-2584439552.0,-1522911104.0,-1495121152.0,-1867823667.2,461659955.0380281,74,-1341501696.0,-1400004480.0,-1328473344.0,-1426393088.0,-1462893056.0,-1391853132.8,50711711.60750119,0.6689999103546143,0.7187986373901367,0.6453360319137573,0.715558648109436,0.7024245262145996,0.6902235507965088,0.028539792556701863,74,0.7668538093566895,0.7714043259620667,0.7639303803443909,0.7666823863983154,0.7640056014060974,0.766575300693512,0.0027205689680253114
0.3519843578338623,0.05573810762944937,0.005813169479370117,0.00040165580336391115,0.8,0.01,7,3,100,1.0,"{'colsample_bytree': 0.8, 'learning_rate': 0.01, 'max_depth': 7, 'min_child_weight': 3, 'n_estimators': 100, 'subsample': 1.0}",-2295027200.0,-1519679872.0,-2569879296.0,-1506734208.0,-1510016896.0,-1880267494.4,459178855.2160964,75,-1267170560.0,-1335717760.0,-1265293568.0,-1356081664.0,-1368292864.0,-1318511283.2,43940407.85900878,0.6626584529876709,0.7121853828430176,0.6473341584205627,0.7185800671577454,0.6994597911834717,0.6880435705184936,0.028097313924985375,75,0.7797722220420837,0.7819012403488159,0.7751574516296387,0.7781833410263062,0.7792665362358093,0.7788561582565308,0.0022096706374904263
0.6655640602111816,0.10697818247455171,0.008403301239013672,0.001971827473043538,0.8,0.01,7,3,200,0.8,"{'colsample_bytree': 0.8, 'learning_rate': 0.01, 'max_depth': 7, 'min_child_weight': 3, 'n_estimators': 200, 'subsample': 0.8}",-1308302976.0,-1128428544.0,-1528849024.0,-769428672.0,-815542336.0,-1110110310.4,289064792.36747867,43,-432985536.0,-439308672.0,-455049440.0,-469492320.0,-478454304.0,-455058054.4,17268304.534403484,0.8076950907707214,0.7862851023674011,0.7901952862739563,0.8562901616096497,0.837681770324707,0.8156294822692871,0.027241658463120873,43,0.9247493147850037,0.9282687902450562,0.9191377758979797,0.9232043027877808,0.9228155612945557,0.9236351490020752,0.0029595848988881158
0.6733640193939209,0.12879187224503771,0.006908035278320313,0.0011126607040511359,0.8,0.01,7,3,200,1.0,"{'colsample_bytree': 0.8, 'learning_rate': 0.01, 'max_depth': 7, 'min_child_weight': 3, 'n_estimators': 200, 'subsample': 1.0}",-1418696192.0,-1194188032.0,-1557309568.0,-801798336.0,-808830656.0,-1156164556.8,309031461.5849776,48,-378276544.0,-392320992.0,-397831552.0,-403179616.0,-404814496.0,-395284640.0,9567592.185813272,0.791468620300293,0.7738308310508728,0.786289632320404,0.8502442836761475,0.8390176296234131,0.8081701993942261,0.03052437287752266,48,0.934257447719574,0.9359409809112549,0.929305374622345,0.9340512156486511,0.9346951842308044,0.9336500406265259,0.002269217486478818
0.17651138305664063,0.05566878887345527,0.007201337814331054,0.005420272269597155,0.8,0.1,3,1,100,0.8,"{'colsample_bytree': 0.8, 'learning_rate': 0.1, 'max_depth': 3, 'min_child_weight': 1, 'n_estimators': 100, 'subsample': 0.8}",-1141042432.0,-1511945472.0,-1092570880.0,-580849728.0,-608438208.0,-986969344.0,351769555.03361154,24,-281996096.0,-249732192.0,-267384960.0,-283992192.0,-281885088.0,-272998105.6,13066157.52512215,0.8322803974151611,0.7136502265930176,0.8500659465789795,0.8915119171142578,0.8789019584655762,0.8332820892333984,0.06335040510762026,29,0.9509904980659485,0.959223210811615,0.9524857401847839,0.9535468816757202,0.9545261859893799,0.9541545033454895,0.0027926635083371674
0.11064910888671875,0.020120065034955226,0.005202102661132813,0.0013245377702767538,0.8,0.1,3,1,100,1.0,"{'colsample_bytree': 0.8, 'learning_rate': 0.1, 'max_depth': 3, 'min_child_weight': 1, 'n_estimators': 100, 'subsample': 1.0}",-1015680448.0,-1301657856.0,-992134592.0,-637050688.0,-608154112.0,-910935539.2,259583595.51975238,4,-290060256.0,-265640416.0,-268619904.0,-294968064.0,-282993856.0,-280456499.2,11566132.840899214,0.8507071137428284,0.7534769773483276,0.863848865032196,0.8810150027275085,0.8789584636688232,0.8456012845039368,0.04735560050619128,8,0.9495890140533447,0.9566256999969482,0.952266275882721,0.9517515897750854,0.9543473124504089,0.9529159784317016,0.0023940491843497595
0.1750096321105957,0.03778877609637296,0.005999517440795898,0.003032621655926255,0.8,0.1,3,1,200,0.8,"{'colsample_bytree': 0.8, 'learning_rate': 0.1, 'max_depth': 3, 'min_child_weight': 1, 'n_estimators': 200, 'subsample': 0.8}",-1132630784.0,-1432773248.0,-1059982080.0,-539221696.0,-557830720.0,-944487705.6,346670939.7786679,14,-172512640.0,-152561200.0,-161346832.0,-172212208.0,-169193520.0,-165565280.0,7648699.085197273,0.8335168361663818,0.7286447882652283,0.8545381426811218,0.8992869853973389,0.8889743685722351,0.8409922242164611,0.06092927876888217,14,0.970018208026886,0.9750894904136658,0.9713286757469177,0.9718309640884399,0.9727056622505188,0.9721946001052857,0.001688805082887104
0.20496411323547364,0.05074839442094546,0.01541762351989746,0.006672030070016351,0.8,0.1,3,1,200,1.0,"{'colsample_bytree': 0.8, 'learning_rate': 0.1, 'max_depth': 3, 'min_child_weight': 1, 'n_estimators': 200, 'subsample': 1.0}",-1036756160.0,-1243932288.0,-982674112.0,-608158592.0,-571883520.0,-888680934.4,259236533.09770074,2,-189509856.0,-179531072.0,-169106064.0,-190720288.0,-180801872.0,-181933830.4,7825652.300090047,0.847609281539917,0.7644096612930298,0.8651471138000488,0.8864113092422485,0.8861774206161499,0.8499509572982789,0.045156248401390514,3,0.9670641422271729,0.9706857800483704,0.9699498414993286,0.9688035249710083,0.9708330035209656,0.9694672584533691,0.001399889323883183
0.10483355522155761,0.007974929665737733,0.005507707595825195,0.0015518714359960208,0.8,0.1,3,3,100,0.8,"{'colsample_bytree': 0.8, 'learning_rate': 0.1, 'max_depth': 3, 'min_child_weight': 3, 'n_estimators': 100, 'subsample': 0.8}",-938702592.0,-1325955712.0,-1437087360.0,-610005696.0,-570313600.0,-976412992.0,356368933.3963215,20,-292742720.0,-280505696.0,-300901664.0,-324752928.0,-298409568.0,-299462515.2,14472743.128932849,0.8620219230651855,0.7488751411437988,0.8027877807617188,0.8860663175582886,0.8864898681640625,0.8372482061386108,0.05370103512168932,18,0.9491227865219116,0.95419842004776,0.9465298056602478,0.9468796253204346,0.9518604874610901,0.9497182250022889,0.00294073627264643
0.10564041137695312,0.01696973893221656,0.00500640869140625,0.0011037374081458837,0.8,0.1,3,3,100,1.0,"{'colsample_bytree': 0.8, 'learning_rate': 0.1, 'max_depth': 3, 'min_child_weight': 3, 'n_estimators': 100, 'subsample': 1.0}",-1035200256.0,-1289492224.0,-1259104256.0,-637996096.0,-658447808.0,-976048128.0,281785764.9938937,19,-299981632.0,-277866016.0,-291439936.0,-318027360.0,-292122304.0,-295887449.6,13158014.513254583,0.8478379249572754,0.7557809948921204,0.8272124528884888,0.8808384537696838,0.8689484596252441,0.8361236572265625,0.044155311582216576,21,0.9478647112846375,0.9546294808387756,0.948211133480072,0.9479796886444092,0.9528747200965881,0.9503119468688965,0.0028653346583898346
0.15857157707214356,0.035304737947948535,0.005400419235229492,0.00102397407391832,0.8,0.1,3,3,200,0.8,"{'colsample_bytree': 0.8, 'learning_rate': 0.1, 'max_depth': 3, 'min_child_weight': 3, 'n_estimators': 200, 'subsample': 0.8}",-943476352.0,-1183965568.0,-1382962944.0,-550818944.0,-506037152.0,-913452192.0,344095675.76343054,5,-184520400.0,-171774560.0,-189998016.0,-212250656.0,-183005072.0,-188309740.8,13356111.055464108,0.8613202571868896,0.7757668495178223,0.8102152943611145,0.8971209526062012,0.8992829322814941,0.8487412571907044,0.0487089336313949,4,0.9679312705993652,0.9719523191452026,0.9662373661994934,0.9652817845344543,0.9704775810241699,0.9683760643005371,0.0025120672573998235
0.164292049407959,0.01983169106994014,0.007616615295410157,0.0018540555437507843,0.8,0.1,3,3,200,1.0,"{'colsample_bytree': 0.8, 'learning_rate': 0.1, 'max_depth': 3, 'min_child_weight': 3, 'n_estimators': 200, 'subsample': 1.0}",-1020168576.0,-1215323904.0,-1324164736.0,-629916928.0,-624131456.0,-962741120.0,290912857.4033756,16,-191132144.0,-172899776.0,-182578976.0,-211886240.0,-181433264.0,-187986080.0,13273191.826345192,0.8500474095344543,0.7698278427124023,0.8182842135429382,0.8823474049568176,0.8757784962654114,0.8392570734024047,0.04139396400476954,17,0.9667822122573853,0.9717685580253601,0.9675557613372803,0.9653413891792297,0.9707311391830444,0.96843581199646,0.0024273465685068158
0.17800230979919435,0.01843208139686695,0.005602455139160157,0.00049339464518984,0.8,0.1,5,1,100,0.8,"{'colsample_bytree': 0.8, 'learning_rate': 0.1, 'max_depth': 5, 'min_child_weight': 1, 'n_estimators': 100, 'subsample': 0.8}",-1327098496.0,-1491364096.0,-1113084544.0,-537264448.0,-630386112.0,-1019839539.2,376826431.05916196,34,-89790024.0,-89316848.0,-99481616.0,-94792248.0,-99653880.0,-94606923.2,4482324.433629248,0.8049323558807373,0.717548131942749,0.8472508192062378,0.8996525406837463,0.8745335936546326,0.8287834882736206,0.06387287070131804,35,0.9843949675559998,0.9854161739349365,0.982322096824646,0.984494686126709,0.9839237928390503,0.9841103434562684,0.0010165186229264308
0.14917616844177245,0.010341729528875413,0.005510568618774414,0.0006531840466763742,0.8,0.1,5,1,100,1.0,"{'colsample_bytree': 0.8, 'learning_rate': 0.1, 'max_depth': 5, 'min_child_weight': 1, 'n_estimators': 100, 'subsample': 1.0}",-1466989952.0,-1279101184.0,-1188582016.0,-584932800.0,-660847424.0,-1036090675.2,349952233.62027705,36,-90863336.0,-87631736.0,-93322720.0,-92624816.0,-87449416.0,-90378404.8,2452495.8076452976,0.7843700647354126,0.7577489614486694,0.8368902802467346,0.8907493352890015,0.8684708476066589,0.8276458978652954,0.04998511457464517,36,0.9842084050178528,0.9856913089752197,0.9834165573120117,0.984849214553833,0.985892653465271,0.9848116278648377,0.0009223846935451098
0.27343082427978516,0.02510991877415974,0.006209945678710938,0.0007453202068727435,0.8,0.1,5,1,200,0.8,"{'colsample_bytree': 0.8, 'learning_rate': 0.1, 'max_depth': 5, 'min_child_weight': 1, 'n_estimators': 200, 'subsample': 0.8}",-1337604608.0,-1455411712.0,-1094573056.0,-521892256.0,-595996736.0,-1001095673.6,380031685.88501096,29,-31030698.0,-30712052.0,-32894398.0,-31831950.0,-34427152.0,-32179250.0,1353289.2537381651,0.8033881187438965,0.7243572473526001,0.8497911691665649,0.9025236964225769,0.881378173828125,0.8322876811027526,0.06345629937595783,31,0.9946070313453674,0.9949852824211121,0.994154691696167,0.994793176651001,0.9944462180137634,0.9945972800254822,0.00028555930934718557
0.2628891944885254,0.02311730102391078,0.005792951583862305,0.0016004597965933302,0.8,0.1,5,1,200,1.0,"{'colsample_bytree': 0.8, 'learning_rate': 0.1, 'max_depth': 5, 'min_child_weight': 1, 'n_estimators': 200, 'subsample': 1.0}",-1459917440.0,-1249864960.0,-1191492736.0,-571982912.0,-648916096.0,-1024434828.8,350456630.3462314,35,-38126796.0,-40211420.0,-43448200.0,-43056312.0,-40642864.0,-41097118.4,1958552.9417283158,0.7854095697402954,0.7632861137390137,0.8364908695220947,0.893168032169342,0.8708455562591553,0.8298400282859802,0.049273953114120396,34,0.9933737516403198,0.9934341907501221,0.9922792315483093,0.9929572343826294,0.993443489074707,0.9930975794792175,0.0004469053010823799
0.14672937393188476,0.021943037811901885,0.007401657104492187,0.0019591543333620895,0.8,0.1,5,3,100,0.8,"{'colsample_bytree': 0.8, 'learning_rate': 0.1, 'max_depth': 5, 'min_child_weight': 3, 'n_estimators': 100, 'subsample': 0.8}",-949922240.0,-1196433664.0,-1336580096.0,-562020992.0,-584702400.0,-925931878.4,313447731.607716,9,-102812328.0,-112776632.0,-129828936.0,-136426448.0,-123021920.0,-120973252.8,11986869.368226793,0.86037278175354,0.7734055519104004,0.8165804147720337,0.8950286507606506,0.8836261034011841,0.8458027005195617,0.045080772754902014,7,0.9821317195892334,0.9815856218338013,0.9769294261932373,0.977684497833252,0.9801540374755859,0.9796970605850219,0.002069457169988763
0.16415948867797853,0.037206536157092025,0.006000804901123047,0.0014190561139648884,0.8,0.1,5,3,100,1.0,"{'colsample_bytree': 0.8, 'learning_rate': 0.1, 'max_depth': 5, 'min_child_weight': 3, 'n_estimators': 100, 'subsample': 1.0}",-998119232.0,-1297812608.0,-1298654336.0,-508621312.0,-567087040.0,-934058905.6,342057248.2748602,12,-94505224.0,-95402904.0,-106306576.0,-99996888.0,-98169824.0,-98876283.2,4198442.863959847,0.8532884120941162,0.7542052268981934,0.8217849731445312,0.9050023555755615,0.8871321082115173,0.844282615184784,0.05333694794726858,12,0.9835754632949829,0.9844223856925964,0.9811093211174011,0.9836433529853821,0.984163224697113,0.9833827495574952,0.0011801283269578084
0.24048409461975098,0.026043840770796252,0.006204128265380859,0.0007515414551816798,0.8,0.1,5,3,200,0.8,"{'colsample_bytree': 0.8, 'learning_rate': 0.1, 'max_depth': 5, 'min_child_weight': 3, 'n_estimators': 200, 'subsample': 0.8}",-938132864.0,-1133382656.0,-1322457984.0,-551014464.0,-564680768.0,-901933747.2,306138374.7519774,3,-37950756.0,-39870784.0,-52963948.0,-55766596.0,-47510056.0,-46812428.0,7003151.572932404,0.8621057271957397,0.7853468656539917,0.8185184001922607,0.8970844149589539,0.8876110315322876,0.8501332879066468,0.04230628921277478,2,0.9934043288230896,0.9934898018836975,0.9905883073806763,0.990878164768219,0.9923356771469116,0.9921392560005188,0.0012213727861143276
0.2453324317932129,0.012077003803719247,0.006607818603515625,0.0017387218618865133,0.8,0.1,5,3,200,1.0,"{'colsample_bytree': 0.8, 'learning_rate': 0.1, 'max_depth': 5, 'min_child_weight': 3, 'n_estimators': 200, 'subsample': 1.0}",-982260032.0,-1253490816.0,-1291262080.0,-494139392.0,-558728832.0,-915976230.4,336071756.81754565,7,-40709976.0,-39957860.0,-47346376.0,-45031276.0,-44045800.0,-43418257.6,2747176.4691020194,0.8556195497512817,0.7625993490219116,0.8227994441986084,0.9077072143554688,0.8887956142425537,0.8475042343139648,0.05140895137625834,5,0.9929248094558716,0.993475615978241,0.9915865659713745,0.9926341772079468,0.9928945302963257,0.9927031397819519,0.0006219292818708355
0.28498244285583496,0.01765599497670926,0.006199073791503906,0.0009828956726032373,0.8,0.1,7,1,100,0.8,"{'colsample_bytree': 0.8, 'learning_rate': 0.1, 'max_depth': 7, 'min_child_weight': 1, 'n_estimators': 100, 'subsample': 0.8}",-1388656640.0,-1405916672.0,-1001005952.0,-589547584.0,-663771904.0,-1009779750.4,345504165.275518,33,-21398968.0,-26544074.0,-30271672.0,-29150330.0,-28141364.0,-27101281.6,3103501.4656025926,0.7958841323852539,0.733731210231781,0.8626314401626587,0.8898873925209045,0.8678888082504272,0.8300045967102051,0.05747772553185349,33,0.9962809681892395,0.9956658482551575,0.9946207404136658,0.9952318072319031,0.9954602122306824,0.9954519152641297,0.0005426719257215346
0.3231321334838867,0.036879104362822095,0.006812381744384766,0.00213783120846046,0.8,0.1,7,1,100,1.0,"{'colsample_bytree': 0.8, 'learning_rate': 0.1, 'max_depth': 7, 'min_child_weight': 1, 'n_estimators': 100, 'subsample': 1.0}",-1469740544.0,-1457194624.0,-1402624768.0,-621572224.0,-655792128.0,-1121384857.6,394918986.43169445,44,-19415842.0,-23425550.0,-22675890.0,-20661214.0,-20734772.0,-21382653.6,1459757.4881725528,0.7839657068252563,0.7240195870399475,0.8075171113014221,0.8839060068130493,0.8694770336151123,0.8137770891189575,0.05831785992270318,44,0.9966256022453308,0.9961750507354736,0.9959704875946045,0.9966204166412354,0.9966550469398499,0.9964093208312989,0.0002825517647715669
0.6533286571502686,0.1307405558102695,0.023000383377075197,0.01611322660709525,0.8,0.1,7,1,200,0.8,"{'colsample_bytree': 0.8, 'learning_rate': 0.1, 'max_depth': 7, 'min_child_weight': 1, 'n_estimators': 200, 'subsample': 0.8}",-1383177344.0,-1405174784.0,-1010248192.0,-579628160.0,-664102336.0,-1008466163.2,346490361.4626552,32,-2662109.75,-3448586.75,-3916721.5,-3584223.5,-3721886.5,-3466705.6,431078.8404365436,0.796689510345459,0.7338716983795166,0.8613631129264832,0.891740083694458,0.8678230047225952,0.8302974820137023,0.0575775287573286,32,0.9995373487472534,0.9994369149208069,0.9993039965629578,0.9994137287139893,0.9993996024131775,0.999418318271637,7.47728426080445e-05
0.5603604316711426,0.10988290319422164,0.007407855987548828,0.001024324158414744,0.8,0.1,7,1,200,1.0,"{'colsample_bytree': 0.8, 'learning_rate': 0.1, 'max_depth': 7, 'min_child_weight': 1, 'n_estimators': 200, 'subsample': 1.0}",-1470467840.0,-1458188032.0,-1409176320.0,-624107328.0,-653273408.0,-1123042585.6,396110783.2661485,45,-4151903.5,-6080050.0,-4715075.0,-4531565.0,-4610148.0,-4817748.3,659135.1078196033,0.7838588356971741,0.7238314151763916,0.8066180348396301,0.8834325075149536,0.8699783086776733,0.8135438203811646,0.058389657521268075,45,0.9992784261703491,0.9990072250366211,0.9991621375083923,0.9992587566375732,0.9992563128471375,0.9991925716400146,0.00010108807597673229
0.3151737689971924,0.027866839715761777,0.012600183486938477,0.014702937902644642,0.8,0.1,7,3,100,0.8,"{'colsample_bytree': 0.8, 'learning_rate': 0.1, 'max_depth': 7, 'min_child_weight': 3, 'n_estimators': 100, 'subsample': 0.8}",-938360704.0,-1352058368.0,-1259669248.0,-592930432.0,-507358912.0,-930075532.8,340331113.7285557,11,-31558960.0,-51395828.0,-63387384.0,-62809656.0,-56430604.0,-53116486.4,11645770.560051981,0.862072229385376,0.7439315319061279,0.8271349668502808,0.8892555832862854,0.8990198373794556,0.8442828297615051,0.05603495959707074,11,0.9945152401924133,0.9916079640388489,0.988736093044281,0.9897261261940002,0.9908965826034546,0.9910964012145996,0.0019717399548461515
0.2556943893432617,0.08417334365210523,0.007616519927978516,0.003753316389543248,0.8,0.1,7,3,100,1.0,"{'colsample_bytree': 0.8, 'learning_rate': 0.1, 'max_depth': 7, 'min_child_weight': 3, 'n_estimators': 100, 'subsample': 1.0}",-1018890432.0,-1291607424.0,-1453344512.0,-598070592.0,-620790912.0,-996540774.4,345311434.7778956,27,-25458958.0,-35886440.0,-52886280.0,-33825860.0,-36334368.0,-36878381.2,8913515.957176728,0.8502352833747864,0.755380392074585,0.8005567789077759,0.8882955312728882,0.8764433860778809,0.8341822743415832,0.04962329257901417,27,0.9955753684043884,0.9941403865814209,0.9906021356582642,0.99446702003479,0.9941385388374329,0.9937846899032593,0.0016764536748868643
0.5186740398406983,0.19093012460083708,0.011596345901489257,0.009265127998179969,0.8,0.1,7,3,200,0.8,"{'colsample_bytree': 0.8, 'learning_rate': 0.1, 'max_depth': 7, 'min_child_weight': 3, 'n_estimators': 200, 'subsample': 0.8}",-940389312.0,-1332955520.0,-1321590400.0,-575215936.0,-507946336.0,-935619500.8,352041833.7903718,13,-5975349.0,-12485550.0,-19218378.0,-18078344.0,-13441196.0,-13839763.4,4706098.687406357,0.8617740273475647,0.7475494146347046,0.818637490272522,0.8925641775131226,0.8989028930664062,0.843885600566864,0.05591892333293327,13,0.9989615082740784,0.9979613423347473,0.9965848922729492,0.9970428943634033,0.9978316426277161,0.9976764559745789,0.0008184759224120992
0.5477868556976319,0.0909342262089567,0.008135318756103516,0.0020489121352094144,0.8,0.1,7,3,200,1.0,"{'colsample_bytree': 0.8, 'learning_rate': 0.1, 'max_depth': 7, 'min_child_weight': 3, 'n_estimators': 200, 'subsample': 1.0}",-1016935232.0,-1282907776.0,-1527807488.0,-592771136.0,-616027136.0,-1007289753.6,366581276.559068,31,-7153830.5,-10653089.0,-21280960.0,-8998392.0,-10495150.0,-11716284.3,4945856.80549453,0.8505226969718933,0.7570280432701111,0.7903382182121277,0.8892853260040283,0.8773914575576782,0.8329131484031678,0.051063514284327274,30,0.9987567067146301,0.9982605576515198,0.9962183833122253,0.9985281229019165,0.998306930065155,0.9980141401290894,0.0009150708728902288
0.1791438102722168,0.034318200891694364,0.0072609901428222655,0.0055489968284855515,1.0,0.01,3,1,100,0.8,"{'colsample_bytree': 1.0, 'learning_rate': 0.01, 'max_depth': 3, 'min_child_weight': 1, 'n_estimators': 100, 'subsample': 0.8}",-2624988416.0,-1742137856.0,-3027871232.0,-1805872768.0,-1649867776.0,-2170147609.6,553018912.197379,94,-1852459904.0,-1891667968.0,-1788730880.0,-1940645504.0,-1981222144.0,-1890945280.0,67155721.20153485,0.6141580939292908,0.6700537204742432,0.5844836831092834,0.6627085208892822,0.6716251373291016,0.6406058311462403,0.03512003058084229,92,0.6780519485473633,0.6911244988441467,0.6821426749229431,0.6825652122497559,0.6803885698318481,0.6828545808792115,0.004430091990956257
0.13595118522644042,0.04353880588849628,0.00470423698425293,0.0006847729415081998,1.0,0.01,3,1,100,1.0,"{'colsample_bytree': 1.0, 'learning_rate': 0.01, 'max_depth': 3, 'min_child_weight': 1, 'n_estimators': 100, 'subsample': 1.0}",-2610984192.0,-1728006528.0,-3034825472.0,-1888517504.0,-1655975936.0,-2183661926.4,544108128.346784,95,-1854603520.0,-1885958144.0,-1780264192.0,-1940712320.0,-1977978752.0,-1887903385.6,68704026.37004104,0.6162165403366089,0.6727300882339478,0.5835293531417847,0.6472725868225098,0.6704094409942627,0.6380316019058228,0.03401204860438756,95,0.6776793599128723,0.6920567750930786,0.6836472153663635,0.682554304599762,0.6809117794036865,0.6833698868751525,0.004788078986408363
0.2345304012298584,0.06058203902534427,0.008104085922241211,0.005302685958234053,1.0,0.01,3,1,200,0.8,"{'colsample_bytree': 1.0, 'learning_rate': 0.01, 'max_depth': 3, 'min_child_weight': 1, 'n_estimators': 200, 'subsample': 0.8}",-1641511680.0,-1309733888.0,-1907195520.0,-999266432.0,-926122560.0,-1356766016.0,374038632.1920484,69,-919497472.0,-895114496.0,-886209792.0,-956829952.0,-976020032.0,-926734348.8,34725354.08375582,0.75871741771698,0.7519474029541016,0.7382745742797852,0.8133622407913208,0.8156728744506836,0.7755949020385742,0.03246375302742969,69,0.8401960134506226,0.8538438081741333,0.8425205945968628,0.8434896469116211,0.842548131942749,0.8445196390151978,0.004787019343677541
0.21771554946899413,0.06195254901549882,0.005802536010742187,0.001181737695381783,1.0,0.01,3,1,200,1.0,"{'colsample_bytree': 1.0, 'learning_rate': 0.01, 'max_depth': 3, 'min_child_weight': 1, 'n_estimators': 200, 'subsample': 1.0}",-1649612544.0,-1237567872.0,-1933533440.0,-1035994944.0,-946418624.0,-1360625484.8,375188628.0628546,71,-933806720.0,-888048320.0,-874178048.0,-958160704.0,-974990784.0,-925836915.2,39041169.08219174,0.757526695728302,0.7656150460243225,0.734660267829895,0.8065022826194763,0.8116333484649658,0.7751875281333923,0.029512397092888384,70,0.8377091288566589,0.8549976348876953,0.844658613204956,0.8432719707489014,0.8427141308784485,0.844670295715332,0.005672632695268915
0.10281414985656738,0.008815506586124788,0.0042479515075683595,0.0007489602236113351,1.0,0.01,3,3,100,0.8,"{'colsample_bytree': 1.0, 'learning_rate': 0.01, 'max_depth': 3, 'min_child_weight': 3, 'n_estimators': 100, 'subsample': 0.8}",-2499040000.0,-1752372864.0,-2984923392.0,-1812769024.0,-1664624384.0,-2142745932.8,514992124.93375653,89,-1862887296.0,-1892974464.0,-1795459712.0,-1958778752.0,-1992420864.0,-1900504217.6,69786344.48320833,0.6326709985733032,0.6681153178215027,0.5903774499893188,0.661420464515686,0.6686881184577942,0.644254469871521,0.029993081532103293,89,0.6762396693229675,0.6909111738204956,0.680946946144104,0.6795991659164429,0.678581953048706,0.6812557816505432,0.0050670917751890684
0.12740020751953124,0.042101687745014715,0.004592514038085938,0.0007919357202973309,1.0,0.01,3,3,100,1.0,"{'colsample_bytree': 1.0, 'learning_rate': 0.01, 'max_depth': 3, 'min_child_weight': 3, 'n_estimators': 100, 'subsample': 1.0}",-2523358464.0,-1742965504.0,-2973824768.0,-1841249536.0,-1684705024.0,-2153220659.2,509025593.1536862,91,-1861486592.0,-1891110784.0,-1790880384.0,-1954451200.0,-1983242880.0,-1896234368.0,68253647.05741936,0.629096508026123,0.6698969602584839,0.5919004678726196,0.6561011075973511,0.6646914482116699,0.6423372983932495,0.028871708721689062,91,0.6764830946922302,0.6912155151367188,0.6817607283592224,0.6803070306777954,0.6800625324249268,0.6819657802581787,0.004940309405387594
0.24364085197448732,0.03987715318570543,0.008001089096069336,0.0060324668940814835,1.0,0.01,3,3,200,0.8,"{'colsample_bytree': 1.0, 'learning_rate': 0.01, 'max_depth': 3, 'min_child_weight': 3, 'n_estimators': 200, 'subsample': 0.8}",-1499628672.0,-1330482176.0,-1905161344.0,-1002713024.0,-926713472.0,-1332939737.6,354767041.45954704,64,-935686784.0,-903367296.0,-903904768.0,-984241216.0,-996890048.0,-944818022.4,39347479.36809815,0.7795725464820862,0.7480178475379944,0.7385537624359131,0.8127185106277466,0.8155552744865417,0.7788835883140564,0.0318410992494933,65,0.837382435798645,0.8524962663650513,0.8393762111663818,0.8390059471130371,0.8391813635826111,0.8414884448051453,0.0055493854607444335
0.22105207443237304,0.03826421377301816,0.004798316955566406,0.0009825917638505255,1.0,0.01,3,3,200,1.0,"{'colsample_bytree': 1.0, 'learning_rate': 0.01, 'max_depth': 3, 'min_child_weight': 3, 'n_estimators': 200, 'subsample': 1.0}",-1577224832.0,-1261178112.0,-1920708608.0,-1002626880.0,-952886528.0,-1342924992.0,364237747.29207826,68,-936696896.0,-895513856.0,-897473984.0,-978790336.0,-987193216.0,-939133657.6,38798264.3903079,0.7681668400764465,0.7611434459686279,0.7364201545715332,0.8127346038818359,0.8103460073471069,0.7777622103691101,0.02953706881982127,68,0.8372068405151367,0.853778600692749,0.8405189514160156,0.8398975729942322,0.8407456278800964,0.842429518699646,0.0058133386998820225
0.30068387985229494,0.13874890416200383,0.004710578918457031,0.0003919288351265539,1.0,0.01,5,1,100,0.8,"{'colsample_bytree': 1.0, 'learning_rate': 0.01, 'max_depth': 5, 'min_child_weight': 1, 'n_estimators': 100, 'subsample': 0.8}",-2626713088.0,-1511436160.0,-2748990464.0,-1593855744.0,-1521053440.0,-2000409779.2,563345854.6952555,84,-1418515072.0,-1496043776.0,-1418283520.0,-1502803200.0,-1559046528.0,-1478938419.2,54054468.40588463,0.613904595375061,0.7137466669082642,0.622754693031311,0.702307939529419,0.6972631812095642,0.6699954152107239,0.042613772931728425,84,0.7534693479537964,0.7557228803634644,0.7479711771011353,0.7541838884353638,0.7484940886497498,0.7519682765007019,0.003140254344867676
0.30454082489013673,0.11209512604188805,0.014209222793579102,0.014280786158430175,1.0,0.01,5,1,100,1.0,"{'colsample_bytree': 1.0, 'learning_rate': 0.01, 'max_depth': 5, 'min_child_weight': 1, 'n_estimators': 100, 'subsample': 1.0}",-2782658816.0,-1535360512.0,-2776791296.0,-1559191680.0,-1528941696.0,-2036588800.0,606854775.5326908,87,-1392736768.0,-1445053056.0,-1364599552.0,-1442914560.0,-1500361600.0,-1429133107.2,46917256.21036636,0.5909824371337891,0.7092156410217285,0.6189395189285278,0.7087823152542114,0.6956931948661804,0.6647226214408875,0.04982723971070141,87,0.7579494714736938,0.76404869556427,0.757510781288147,0.763979971408844,0.7579611539840698,0.760290014743805,0.003045302465718079
0.43061485290527346,0.18320754777773768,0.0066030025482177734,0.0010229290608188728,1.0,0.01,5,1,200,0.8,"{'colsample_bytree': 1.0, 'learning_rate': 0.01, 'max_depth': 5, 'min_child_weight': 1, 'n_estimators': 200, 'subsample': 0.8}",-1787918080.0,-1182735104.0,-1735239552.0,-855423168.0,-876650816.0,-1287593344.0,404314739.2388876,62,-523992096.0,-537522944.0,-544722112.0,-560493184.0,-578130304.0,-548972128.0,18740770.571079772,0.7371973991394043,0.775999903678894,0.7618721723556519,0.8402285575866699,0.825519323348999,0.7881634712219239,0.03884059263522748,61,0.9089328646659851,0.9122321009635925,0.9032029509544373,0.9083191752433777,0.9067358374595642,0.9078845858573914,0.002947065395937952
0.5356435775756836,0.12259321706391484,0.013311243057250977,0.014154971750202139,1.0,0.01,5,1,200,1.0,"{'colsample_bytree': 1.0, 'learning_rate': 0.01, 'max_depth': 5, 'min_child_weight': 1, 'n_estimators': 200, 'subsample': 1.0}",-1952033920.0,-1204979584.0,-1734477696.0,-875757632.0,-934750016.0,-1340399769.6,430854131.0718583,66,-508319424.0,-513992096.0,-507157760.0,-517740768.0,-530331296.0,-515508268.8,8347639.843533797,0.7130743861198425,0.7717869877815247,0.7619767189025879,0.836430549621582,0.8139557838439941,0.7794448852539062,0.042911983057417225,64,0.9116566777229309,0.916074275970459,0.909878134727478,0.9153122305870056,0.9144467711448669,0.913473618030548,0.0023375079508396526
0.27810845375061033,0.07167275722449996,0.004803991317749024,0.0003988313309777831,1.0,0.01,5,3,100,0.8,"{'colsample_bytree': 1.0, 'learning_rate': 0.01, 'max_depth': 5, 'min_child_weight': 3, 'n_estimators': 100, 'subsample': 0.8}",-2275523584.0,-1537594368.0,-2656852992.0,-1590221952.0,-1531728512.0,-1918384281.6,463697891.86313117,77,-1453197824.0,-1504909056.0,-1430881024.0,-1542187520.0,-1574955904.0,-1501226265.6,53633256.667917505,0.6655252575874329,0.7087925672531128,0.6353987455368042,0.7029867172241211,0.6951385140419006,0.6815683603286743,0.027470227527858836,77,0.7474416494369507,0.7542753219604492,0.7457325458526611,0.74774169921875,0.7459275722503662,0.7482237577438354,0.003128709248244484
0.26987566947937014,0.03501863763063269,0.007032346725463867,0.001098400665134473,1.0,0.01,5,3,100,1.0,"{'colsample_bytree': 1.0, 'learning_rate': 0.01, 'max_depth': 5, 'min_child_weight': 3, 'n_estimators': 100, 'subsample': 1.0}",-2321739264.0,-1554871040.0,-2724287744.0,-1530313216.0,-1542743424.0,-1934790937.6,496925914.6799699,79,-1413439872.0,-1454134656.0,-1408292864.0,-1491660800.0,-1520852352.0,-1457676108.8,43713358.00864979,0.6587320566177368,0.705520510673523,0.6261445879936218,0.7141761183738708,0.692946195602417,0.6795038938522339,0.032675396628830414,79,0.7543513774871826,0.7625658512115479,0.7497465014457703,0.7560064792633057,0.7546555399894714,0.7554651498794556,0.004130663238106868
0.4901412010192871,0.0709167866394805,0.006203174591064453,0.0009823017327184672,1.0,0.01,5,3,200,0.8,"{'colsample_bytree': 1.0, 'learning_rate': 0.01, 'max_depth': 5, 'min_child_weight': 3, 'n_estimators': 200, 'subsample': 0.8}",-1346270464.0,-1210575488.0,-1656900864.0,-846263808.0,-861068224.0,-1184215769.6,306275569.3083383,51,-556516608.0,-555844992.0,-569493888.0,-596731136.0,-599957760.0,-575708876.8,19138897.06928002,0.8021143674850464,0.7707271575927734,0.7726226449012756,0.8419392704963684,0.8286207318305969,0.8032048344612122,0.028766589319310792,51,0.9032802581787109,0.9092404842376709,0.8988009691238403,0.9023916721343994,0.9032145738601685,0.903385591506958,0.0033563894037682384
0.46808443069458006,0.07293689918537442,0.013223695755004882,0.012025593594722507,1.0,0.01,5,3,200,1.0,"{'colsample_bytree': 1.0, 'learning_rate': 0.01, 'max_depth': 5, 'min_child_weight': 3, 'n_estimators': 200, 'subsample': 1.0}",-1391545344.0,-1223663232.0,-1693390208.0,-841156928.0,-865550592.0,-1203061260.8,322881205.6941584,53,-525051168.0,-529950464.0,-546762496.0,-549753408.0,-559427072.0,-542188921.6,12796681.674422095,0.795459508895874,0.768248438835144,0.7676151990890503,0.842893123626709,0.8277285695075989,0.8003889679908752,0.030612056993342802,53,0.9087488055229187,0.913468599319458,0.9028403759002686,0.9100759029388428,0.9097530245780945,0.9089773416519165,0.003455271154005273
0.6529486656188965,0.14841983009717805,0.012408971786499023,0.008312447923458916,1.0,0.01,7,1,100,0.8,"{'colsample_bytree': 1.0, 'learning_rate': 0.01, 'max_depth': 7, 'min_child_weight': 1, 'n_estimators': 100, 'subsample': 0.8}",-2610012160.0,-1464326912.0,-2692995328.0,-1530228992.0,-1496910592.0,-1958894796.8,566504824.5043831,82,-1261305600.0,-1347820672.0,-1269317376.0,-1351891584.0,-1399218176.0,-1325910681.6,52736443.7772023,0.6163594722747803,0.7226687669754028,0.6304389238357544,0.7141918540000916,0.7020683288574219,0.6771454691886902,0.0445923603382085,82,0.7807915210723877,0.7799249887466431,0.7744424343109131,0.7788687348365784,0.7742776274681091,0.7776610612869262,0.002763722324359506
0.5300323486328125,0.07368597208357767,0.006607151031494141,0.0004783628517360419,1.0,0.01,7,1,100,1.0,"{'colsample_bytree': 1.0, 'learning_rate': 0.01, 'max_depth': 7, 'min_child_weight': 1, 'n_estimators': 100, 'subsample': 1.0}",-2774544384.0,-1467830528.0,-2683106560.0,-1631872256.0,-1633542784.0,-2038179302.4,567851838.6748393,88,-1202084352.0,-1278171264.0,-1200066048.0,-1270185216.0,-1304391424.0,-1250979660.8,42294208.28968206,0.5921751260757446,0.7220052480697632,0.6317958831787109,0.6952074766159058,0.6748743057250977,0.6632116079330445,0.04615100382351002,88,0.7910838723182678,0.7912975549697876,0.7867484092712402,0.7922335863113403,0.7895750999450684,0.7901877045631409,0.001919612107747423
0.8267307281494141,0.11303848284649047,0.014548635482788086,0.014370772651474018,1.0,0.01,7,1,200,0.8,"{'colsample_bytree': 1.0, 'learning_rate': 0.01, 'max_depth': 7, 'min_child_weight': 1, 'n_estimators': 200, 'subsample': 0.8}",-1821314176.0,-1155158656.0,-1699569792.0,-809032896.0,-882508736.0,-1273516851.2,415750976.08637273,60,-369004224.0,-394047136.0,-400953664.0,-408252960.0,-424342592.0,-399320115.2,18195857.286774244,0.7322885990142822,0.7812226414680481,0.7667672038078308,0.8488930463790894,0.8243533968925476,0.7907049775123596,0.04145714044369537,59,0.9358689188957214,0.9356591701507568,0.9287505745887756,0.9332213401794434,0.9315448999404907,0.9330089807510376,0.0026655356773165476
0.8509080886840821,0.1340782284657433,0.00801224708557129,0.0011153558254651198,1.0,0.01,7,1,200,1.0,"{'colsample_bytree': 1.0, 'learning_rate': 0.01, 'max_depth': 7, 'min_child_weight': 1, 'n_estimators': 200, 'subsample': 1.0}",-2116653696.0,-1223522688.0,-1706155520.0,-940519360.0,-941982400.0,-1385766732.8,460077735.830873,72,-334864320.0,-349739680.0,-352128800.0,-350865792.0,-367439264.0,-351007571.2,10329471.342120202,0.6888772249221802,0.7682750821113586,0.7658634185791016,0.8243347406387329,0.8125162720680237,0.7719733476638794,0.047626501466575766,72,0.9418022632598877,0.9428938031196594,0.937426745891571,0.9426082968711853,0.9407245516777039,0.9410911321640014,0.001980869847574244
0.44461989402770996,0.07269713642991486,0.005913543701171875,0.0006609364562063002,1.0,0.01,7,3,100,0.8,"{'colsample_bytree': 1.0, 'learning_rate': 0.01, 'max_depth': 7, 'min_child_weight': 3, 'n_estimators': 100, 'subsample': 0.8}",-2271749888.0,-1485363072.0,-2557688064.0,-1515622912.0,-1475611776.0,-1861207142.4,461086116.0917171,73,-1311160448.0,-1370225280.0,-1298360960.0,-1403586560.0,-1431635712.0,-1362993792.0,51528397.872328475,0.6660799384117126,0.7186846733093262,0.6490072011947632,0.7169198989868164,0.7063074707984924,0.6913998365402222,0.028482297086942377,73,0.7721269726753235,0.7762667536735535,0.7692813873291016,0.7704129219055176,0.7690480351448059,0.7714272141456604,0.002653475420465004
0.49918136596679685,0.06901691437291134,0.006612348556518555,0.00049913263843675,1.0,0.01,7,3,100,1.0,"{'colsample_bytree': 1.0, 'learning_rate': 0.01, 'max_depth': 7, 'min_child_weight': 3, 'n_estimators': 100, 'subsample': 1.0}",-2305665536.0,-1535710976.0,-2619223040.0,-1494396288.0,-1544062464.0,-1899811660.8,470267694.98564124,76,-1243734272.0,-1308633856.0,-1252188928.0,-1333119744.0,-1349510016.0,-1297437363.2,42524340.82426234,0.6610947847366333,0.7091492414474487,0.6405627131462097,0.7208845019340515,0.6926836967468262,0.6848749876022339,0.029919813423399805,76,0.7838453054428101,0.7863235473632812,0.7774861454963684,0.7819392681121826,0.7822965383529663,0.7823781609535218,0.0028930845574539087
0.682671594619751,0.09978251065430757,0.007209253311157226,0.0003983221005659461,1.0,0.01,7,3,200,0.8,"{'colsample_bytree': 1.0, 'learning_rate': 0.01, 'max_depth': 7, 'min_child_weight': 3, 'n_estimators': 200, 'subsample': 0.8}",-1362719232.0,-1183198208.0,-1566580992.0,-786781312.0,-818620608.0,-1143580070.4,303784579.8743482,46,-414829408.0,-426849568.0,-440094016.0,-457553984.0,-462756832.0,-440416761.6,18064599.127673168,0.7996965646743774,0.7759122252464294,0.7850173115730286,0.853049099445343,0.8370690941810608,0.8101488590240479,0.029926984198183255,46,0.9279047846794128,0.9303030967712402,0.9217953085899353,0.9251570701599121,0.9253479242324829,0.9261016368865966,0.0028603622004831535
0.8285172939300537,0.15414772019989784,0.010534191131591797,0.0031153328712277967,1.0,0.01,7,3,200,1.0,"{'colsample_bytree': 1.0, 'learning_rate': 0.01, 'max_depth': 7, 'min_child_weight': 3, 'n_estimators': 200, 'subsample': 1.0}",-1399013632.0,-1200504832.0,-1742899072.0,-809905728.0,-852096000.0,-1200883852.8,348583680.40973765,52,-366288992.0,-380071680.0,-411164736.0,-395388128.0,-398913632.0,-390365433.6,15598375.162457937,0.7943617105484009,0.7726345062255859,0.7608211040496826,0.8487300872802734,0.8304064869880676,0.801390779018402,0.033481788994173416,52,0.9363408088684082,0.9379410743713379,0.9269360899925232,0.9353256821632385,0.9356471300125122,0.934438157081604,0.0038580005258634785
0.10453944206237793,0.010056697212856687,0.005306529998779297,0.0011905223457013198,1.0,0.1,3,1,100,0.8,"{'colsample_bytree': 1.0, 'learning_rate': 0.1, 'max_depth': 3, 'min_child_weight': 1, 'n_estimators': 100, 'subsample': 0.8}",-1185652992.0,-1409795456.0,-1022435392.0,-592190656.0,-630347136.0,-968084326.4,316468433.12450546,18,-273637408.0,-257115104.0,-263062432.0,-275216672.0,-273942240.0,-268594771.2,7214744.828687163,0.8257231712341309,0.7329965829849243,0.8596906661987305,0.8893937468528748,0.8745414018630981,0.8364691138267517,0.05587807497194888,19,0.9524432420730591,0.9580177068710327,0.9532538056373596,0.954982340335846,0.9558075666427612,0.9549009323120117,0.0019644930298065343
0.11707706451416015,0.03615057629012884,0.007513809204101563,0.0035337319207585606,1.0,0.1,3,1,100,1.0,"{'colsample_bytree': 1.0, 'learning_rate': 0.1, 'max_depth': 3, 'min_child_weight': 1, 'n_estimators': 100, 'subsample': 1.0}",-1195149952.0,-1336015232.0,-1050493632.0,-637281792.0,-664486080.0,-976685337.6,281053577.91301477,21,-276212544.0,-256473664.0,-258477808.0,-293997824.0,-284574272.0,-273947222.4,14592604.392029185,0.8243272304534912,0.7469699382781982,0.8558402061462402,0.8809718489646912,0.8677466511726379,0.8351711750030517,0.047923108256041486,24,0.9519956707954407,0.9581224322319031,0.9540685415267944,0.9519102573394775,0.9540923833847046,0.954037857055664,0.0022532143396240545
0.22641892433166505,0.0211232623409675,0.0072540283203125,0.003132996262428426,1.0,0.1,3,1,200,0.8,"{'colsample_bytree': 1.0, 'learning_rate': 0.1, 'max_depth': 3, 'min_child_weight': 1, 'n_estimators': 200, 'subsample': 0.8}",-1173713920.0,-1284440064.0,-1007451328.0,-542340736.0,-569110080.0,-915411225.6,306750719.5131616,6,-164903024.0,-151895088.0,-158827024.0,-163064096.0,-166121392.0,-160962124.8,5164045.298598779,0.8274780511856079,0.7567378282546997,0.8617469668388367,0.898704469203949,0.8867294788360596,0.8462793588638305,0.050980439720831945,6,0.9713407158851624,0.9751982688903809,0.9717764258384705,0.9733273386955261,0.9732012152671814,0.9729687929153442,0.0013583454944603476
0.16279106140136718,0.008608716724254104,0.009106731414794922,0.003747480371544969,1.0,0.1,3,1,200,1.0,"{'colsample_bytree': 1.0, 'learning_rate': 0.1, 'max_depth': 3, 'min_child_weight': 1, 'n_estimators': 200, 'subsample': 1.0}",-1194421760.0,-1322270848.0,-1036247104.0,-597372608.0,-600207936.0,-950104051.2,300821094.82992184,15,-182026000.0,-175411136.0,-164190656.0,-192687296.0,-176659712.0,-178194960.0,9283661.596885057,0.8244342803955078,0.7495729923248291,0.8577952980995178,0.888425886631012,0.8805400133132935,0.840153694152832,0.050446900884633834,15,0.9683648347854614,0.9713584780693054,0.970823347568512,0.9684817790985107,0.9715011715888977,0.9701059222221374,0.0013928059751103282
0.12421717643737792,0.027849991465939007,0.009214544296264648,0.00406842782381039,1.0,0.1,3,3,100,0.8,"{'colsample_bytree': 1.0, 'learning_rate': 0.1, 'max_depth': 3, 'min_child_weight': 3, 'n_estimators': 100, 'subsample': 0.8}",-993991424.0,-1389840640.0,-1249530624.0,-638340800.0,-618841600.0,-978109017.6,312397307.0236045,22,-277342272.0,-281391456.0,-295311872.0,-316011392.0,-295288672.0,-293069132.8,13564702.55219312,0.8538951277732849,0.7367758750915527,0.8285262584686279,0.8807740211486816,0.8768312931060791,0.8353605151176453,0.05270935806156328,23,0.9517993330955505,0.9540538191795349,0.9475231170654297,0.9483094811439514,0.952363908290863,0.9508099317550659,0.0024888538635934516
0.09496002197265625,0.01058169312632598,0.007203578948974609,0.004536432353102664,1.0,0.1,3,3,100,1.0,"{'colsample_bytree': 1.0, 'learning_rate': 0.1, 'max_depth': 3, 'min_child_weight': 3, 'n_estimators': 100, 'subsample': 1.0}",-1032790208.0,-1207298688.0,-1124413184.0,-615549760.0,-632553344.0,-922521036.8,249932257.8176445,8,-281292192.0,-268590784.0,-275676480.0,-305043968.0,-310726432.0,-288265971.2,16614543.943963198,0.8481922149658203,0.7713477611541748,0.845696210861206,0.8850308656692505,0.8741022348403931,0.8448738574981689,0.03971059796133741,9,0.9511128664016724,0.9561439156532288,0.9510123133659363,0.9501034021377563,0.9498735070228577,0.9516492009162902,0.002299492278600177
0.1928330898284912,0.03321971427683342,0.005397176742553711,0.0014999200009877009,1.0,0.1,3,3,200,0.8,"{'colsample_bytree': 1.0, 'learning_rate': 0.1, 'max_depth': 3, 'min_child_weight': 3, 'n_estimators': 200, 'subsample': 0.8}",-1004148288.0,-1244169472.0,-1225495168.0,-612006976.0,-554964224.0,-928156825.6,294371272.44168395,10,-169572432.0,-169284800.0,-180827888.0,-196525376.0,-179437952.0,-179129689.6,9938328.158288065,0.8524022102355957,0.7643647789955139,0.8318246603012085,0.8856925368309021,0.8895449042320251,0.844765818119049,0.045541800579249406,10,0.9705291986465454,0.9723588228225708,0.9678668975830078,0.9678540229797363,0.9710530042648315,0.9699323892593383,0.0017936221190180159
0.19242987632751465,0.026689011054384867,0.005004215240478516,0.0010999470683635225,1.0,0.1,3,3,200,1.0,"{'colsample_bytree': 1.0, 'learning_rate': 0.1, 'max_depth': 3, 'min_child_weight': 3, 'n_estimators': 200, 'subsample': 1.0}",-978103872.0,-1151468416.0,-1118078592.0,-578367744.0,-591583936.0,-883520512.0,250641082.17322826,1,-180028384.0,-175841888.0,-177010320.0,-204469440.0,-190381568.0,-185546320.0,10760585.559332948,0.8562304377555847,0.7819215655326843,0.8465654850006104,0.8919755220413208,0.8822564482688904,0.8517898917198181,0.03865667298449127,1,0.9687119722366333,0.9712881445884705,0.9685452580451965,0.966554582118988,0.9692875742912292,0.9688775062561035,0.0015174386244560473
0.20022668838500976,0.01093109191965824,0.008144617080688477,0.005130034138557364,1.0,0.1,5,1,100,0.8,"{'colsample_bytree': 1.0, 'learning_rate': 0.1, 'max_depth': 5, 'min_child_weight': 1, 'n_estimators': 100, 'subsample': 0.8}",-1625136256.0,-1416514432.0,-1227179008.0,-534456640.0,-647284160.0,-1090114099.2,428118264.4456324,40,-84047848.0,-85814256.0,-97553672.0,-90026072.0,-98977872.0,-91283944.0,6039318.361704606,0.7611244320869446,0.7317240238189697,0.8315936326980591,0.900177001953125,0.8711704015731812,0.8191578984260559,0.06393216522374941,40,0.9853929281234741,0.9859880805015564,0.9826647043228149,0.9852742552757263,0.9840328693389893,0.9846705675125123,0.0011876220223893525
0.20173244476318358,0.012718383103427145,0.005122041702270508,0.0010638984673565243,1.0,0.1,5,1,100,1.0,"{'colsample_bytree': 1.0, 'learning_rate': 0.1, 'max_depth': 5, 'min_child_weight': 1, 'n_estimators': 100, 'subsample': 1.0}",-1605570432.0,-1284721792.0,-1315869568.0,-512715680.0,-716620736.0,-1087099641.6,406785867.22984034,39,-85752072.0,-82098328.0,-85145240.0,-85266176.0,-90996696.0,-85851702.4,2877868.4832678232,0.7640003561973572,0.7566844820976257,0.8194225430488586,0.9042376279830933,0.8573702573776245,0.8203430533409118,0.05592329397757885,39,0.9850967526435852,0.9865947961807251,0.9848697185516357,0.9860528707504272,0.9853203892707825,0.9855869054794312,0.0006416549042733445
0.4564861297607422,0.03671040347851812,0.00525975227355957,0.00020580691686355646,1.0,0.1,5,1,200,0.8,"{'colsample_bytree': 1.0, 'learning_rate': 0.1, 'max_depth': 5, 'min_child_weight': 1, 'n_estimators': 200, 'subsample': 0.8}",-1615826432.0,-1398537216.0,-1210802304.0,-518886976.0,-627092544.0,-1074229094.4,430230551.81708926,37,-27127272.0,-28653032.0,-32357778.0,-32255396.0,-32137576.0,-30506210.8,2190926.8109501423,0.762492835521698,0.7351287603378296,0.8338409662246704,0.9030849933624268,0.8751891255378723,0.8219473361968994,0.06423670094659481,38,0.9952853918075562,0.9953214526176453,0.9942499995231628,0.994723916053772,0.9948155283927917,0.9948792576789856,0.00039614127865655034
0.4376526355743408,0.03701176164702467,0.0058517932891845705,0.0006832317654894454,1.0,0.1,5,1,200,1.0,"{'colsample_bytree': 1.0, 'learning_rate': 0.1, 'max_depth': 5, 'min_child_weight': 1, 'n_estimators': 200, 'subsample': 1.0}",-1585619456.0,-1261890176.0,-1310863104.0,-513193504.0,-709042688.0,-1076121785.6,400209088.27735615,38,-37130084.0,-37305504.0,-33239280.0,-37984868.0,-39580904.0,-37048128.0,2091540.9808173494,0.7669329047203064,0.761008620262146,0.8201096057891846,0.9041483998298645,0.858878493309021,0.8222156047821045,0.054523494773139225,37,0.9935469627380371,0.993908703327179,0.9940933585166931,0.9937867522239685,0.9936147928237915,0.9937901139259339,0.00019793535206452312
0.17989959716796874,0.0249672263294039,0.005305290222167969,0.0012512753274089184,1.0,0.1,5,3,100,0.8,"{'colsample_bytree': 1.0, 'learning_rate': 0.1, 'max_depth': 5, 'min_child_weight': 3, 'n_estimators': 100, 'subsample': 0.8}",-983228864.0,-1407755136.0,-1417554944.0,-595108800.0,-575430720.0,-995815692.8,370136749.9774619,26,-98576096.0,-113649456.0,-136118656.0,-134881088.0,-114268176.0,-119498694.4,14227917.576730976,0.8554770946502686,0.7333829998970032,0.8054682016372681,0.8888487219810486,0.8854714632034302,0.8337296962738037,0.05840622968295266,28,0.982867956161499,0.9814431071281433,0.9758117198944092,0.9779372811317444,0.9815661907196045,0.9799252510070801,0.0026278982632661546
0.1771306037902832,0.02932703624926848,0.004325580596923828,0.00041262120360094736,1.0,0.1,5,3,100,1.0,"{'colsample_bytree': 1.0, 'learning_rate': 0.1, 'max_depth': 5, 'min_child_weight': 3, 'n_estimators': 100, 'subsample': 1.0}",-1113741568.0,-1268313728.0,-1488036608.0,-512857248.0,-628711296.0,-1002332089.6,373696481.38753545,30,-98904888.0,-92291768.0,-107709200.0,-102848832.0,-97968000.0,-99944537.6,5143488.366342888,0.8362933397293091,0.7597920298576355,0.7957959771156311,0.9042112231254578,0.8748669624328613,0.834191906452179,0.0520983107886297,26,0.9828108549118042,0.9849303960800171,0.9808601140975952,0.9831768274307251,0.9841957688331604,0.9831947922706604,0.0013865588674494952
0.39717602729797363,0.0939507289817074,0.006198692321777344,0.0007481986102011689,1.0,0.1,5,3,200,0.8,"{'colsample_bytree': 1.0, 'learning_rate': 0.1, 'max_depth': 5, 'min_child_weight': 3, 'n_estimators': 200, 'subsample': 0.8}",-984239744.0,-1324404864.0,-1399781120.0,-577879104.0,-539558464.0,-965172659.2,360399663.13590914,17,-36439908.0,-41975160.0,-54822212.0,-54431028.0,-45158360.0,-46565333.6,7150086.730620087,0.8553285598754883,0.749168872833252,0.8079073429107666,0.8920667767524719,0.8926111459732056,0.8394165396690368,0.05475833606219635,16,0.99366694688797,0.9931461811065674,0.9902580976486206,0.9910966157913208,0.992715060710907,0.9921765804290772,0.0012882684865519497
0.29436330795288085,0.057038332512198114,0.005706691741943359,0.0004014109283907098,1.0,0.1,5,3,200,1.0,"{'colsample_bytree': 1.0, 'learning_rate': 0.1, 'max_depth': 5, 'min_child_weight': 3, 'n_estimators': 200, 'subsample': 1.0}",-1114173440.0,-1233219840.0,-1462866816.0,-507678080.0,-632232832.0,-990034201.6,362990284.88584006,25,-40736288.0,-41298960.0,-46459064.0,-45347352.0,-41075912.0,-42983515.2,2416355.5267026746,0.8362298011779785,0.7664384841918945,0.7992500066757202,0.9051785469055176,0.8741660714149475,0.8362525820732116,0.04986265269744189,20,0.9929202198982239,0.9932566285133362,0.9917442202568054,0.9925824403762817,0.9933736324310303,0.9927754282951355,0.0005849787691297824
0.34568562507629397,0.04241561210796562,0.010057306289672852,0.0081065432637305,1.0,0.1,7,1,100,0.8,"{'colsample_bytree': 1.0, 'learning_rate': 0.1, 'max_depth': 7, 'min_child_weight': 1, 'n_estimators': 100, 'subsample': 0.8}",-1632728704.0,-1575568384.0,-1358789632.0,-554557504.0,-677062848.0,-1159741414.4,455077004.8175594,50,-18906832.0,-26108194.0,-29502042.0,-25246250.0,-25233320.0,-24999327.6,3427484.4248199053,0.7600083947181702,0.7016005516052246,0.8135325908660889,0.8964226841926575,0.8652434945106506,0.8073615431785583,0.07035338935117776,50,0.9967141151428223,0.9957370162010193,0.9947574734687805,0.9958704113960266,0.9959293603897095,0.9958016753196717,0.00062419754296276
0.4193732738494873,0.06756306693215464,0.005605936050415039,0.000802756665826085,1.0,0.1,7,1,100,1.0,"{'colsample_bytree': 1.0, 'learning_rate': 0.1, 'max_depth': 7, 'min_child_weight': 1, 'n_estimators': 100, 'subsample': 1.0}",-1755180032.0,-1497253888.0,-1379685120.0,-640332096.0,-841212544.0,-1222732736.0,416711938.6656755,57,-17481120.0,-21151536.0,-20888456.0,-21083176.0,-21546524.0,-20430162.4,1489963.3522550277,0.7420095205307007,0.7164326906204224,0.8106651306152344,0.880402147769928,0.8325725793838501,0.796416413784027,0.05986886295890256,57,0.9969618916511536,0.9965463280677795,0.9962881207466125,0.9965513944625854,0.9965240955352783,0.9965743660926819,0.00021723416498631984
0.7108125209808349,0.053293925749239975,0.008304166793823241,0.0018234488690719584,1.0,0.1,7,1,200,0.8,"{'colsample_bytree': 1.0, 'learning_rate': 0.1, 'max_depth': 7, 'min_child_weight': 1, 'n_estimators': 200, 'subsample': 0.8}",-1629712000.0,-1563138304.0,-1362272896.0,-548949760.0,-663309568.0,-1153476505.6,456932200.8133577,47,-2240236.75,-3336702.25,-3637167.25,-3444450.75,-3235875.0,-3178886.4,487803.7453636349,0.7604518532752991,0.7039546966552734,0.813054621219635,0.8974700570106506,0.8679808378219604,0.8085824131965638,0.07030319563487791,47,0.9996106624603271,0.9994551539421082,0.9993536472320557,0.9994365572929382,0.9994779825210571,0.9994668006896973,8.327695618177206e-05
0.6175260543823242,0.041085866624270065,0.008201789855957032,0.001938025361710295,1.0,0.1,7,1,200,1.0,"{'colsample_bytree': 1.0, 'learning_rate': 0.1, 'max_depth': 7, 'min_child_weight': 1, 'n_estimators': 200, 'subsample': 1.0}",-1754708224.0,-1490300160.0,-1376302464.0,-639396416.0,-838429568.0,-1219827366.4,416197522.5491482,55,-3090608.0,-4941259.5,-4222528.5,-4420909.0,-4948495.5,-4324760.1,679991.864121579,0.7420789003372192,0.7177497148513794,0.8111293315887451,0.8805769085884094,0.8331265449523926,0.7969322800636292,0.059643569418496675,56,0.9994628429412842,0.9991931915283203,0.9992496371269226,0.999276876449585,0.9992017149925232,0.999276852607727,9.795705647534209e-05
0.30638461112976073,0.03552297715253852,0.006605672836303711,0.0013521778451520722,1.0,0.1,7,3,100,0.8,"{'colsample_bytree': 1.0, 'learning_rate': 0.1, 'max_depth': 7, 'min_child_weight': 3, 'n_estimators': 100, 'subsample': 0.8}",-1081724928.0,-1332380288.0,-1371017856.0,-536248224.0,-609261056.0,-986126470.4,352587613.8385986,23,-28049218.0,-49474884.0,-63324460.0,-62111884.0,-57994084.0,-52190906.0,13009662.401775936,0.8409993648529053,0.747658371925354,0.8118545413017273,0.899842381477356,0.8787381649017334,0.8358185648918152,0.05350602936854337,22,0.9951251745223999,0.9919216632843018,0.988747239112854,0.9898402690887451,0.9906443953514099,0.9912557482719422,0.0021948054230001342
0.26543197631835935,0.023261767568486233,0.005801200866699219,0.0017208713938795992,1.0,0.1,7,3,100,1.0,"{'colsample_bytree': 1.0, 'learning_rate': 0.1, 'max_depth': 7, 'min_child_weight': 3, 'n_estimators': 100, 'subsample': 1.0}",-1271180672.0,-1398450816.0,-1542352768.0,-587690560.0,-667704000.0,-1093475763.2,390686485.30367684,41,-22810264.0,-31324198.0,-49149880.0,-37478784.0,-40112660.0,-36175157.2,8805668.382104754,0.8131516575813293,0.7351451516151428,0.7883421182632446,0.8902342319488525,0.8671061992645264,0.8187958717346191,0.05548704044469464,41,0.9960356950759888,0.9948853254318237,0.9912660717964172,0.9938695430755615,0.9935290217399597,0.9939171314239502,0.0015878742085609918
0.4626311779022217,0.060314932207209994,0.007997846603393555,0.0011840504157869614,1.0,0.1,7,3,200,0.8,"{'colsample_bytree': 1.0, 'learning_rate': 0.1, 'max_depth': 7, 'min_child_weight': 3, 'n_estimators': 200, 'subsample': 0.8}",-1067279616.0,-1317597952.0,-1479428480.0,-530145344.0,-601663680.0,-999223014.4,378068479.6017039,28,-4753094.5,-11280761.0,-17989598.0,-18010738.0,-14777298.0,-13362297.9,4969372.312684596,0.843122661113739,0.7504580020904541,0.7969772815704346,0.9009822607040405,0.8802502751350403,0.8343580961227417,0.05487848408138648,25,0.9991739392280579,0.9981580376625061,0.9968032240867615,0.9970539808273315,0.9976161122322083,0.9977610588073731,0.00084761305158638
0.4239102840423584,0.07486849527630858,0.0072704792022705075,0.0012387464406459104,1.0,0.1,7,3,200,1.0,"{'colsample_bytree': 1.0, 'learning_rate': 0.1, 'max_depth': 7, 'min_child_weight': 3, 'n_estimators': 200, 'subsample': 1.0}",-1262641024.0,-1376876160.0,-1604602752.0,-583432768.0,-664991232.0,-1098508787.2,403435165.2558396,42,-5654423.5,-8826587.0,-19897114.0,-9397845.0,-12380995.0,-11231392.9,4830401.31206746,0.8144068717956543,0.7392312288284302,0.7797995805740356,0.8910294771194458,0.8676460981369019,0.8184226512908935,0.05563065403980375,42,0.9990172982215881,0.998558759689331,0.9964643120765686,0.9984627962112427,0.9980027079582214,0.9981011748313904,0.0008795966568700335
